Time,Error_Total,X_Desired,Y_Desired,X_Actual,Y_Actual
0.0,0.10001066410917571,0.0,0.0,0.0,0.0
0.04984345,0.09333690042459346,0.24999289021480545,0.0018854288764709284,0.15,0.0
0.406337579,0.08770303661334736,0.24997177698881376,0.0037564223743822137,0.1566644027892526,0.0014088915751078953
0.406762516,0.07969661906288218,0.24993654754387376,0.005632246607610241,0.1622827943767597,0.0026924869370272136
0.407022706,0.07487945560939228,0.24988733429440765,0.007504675824774421,0.17024066671425472,0.004683429038197468
0.407278028,0.06804813800568504,0.2498239201117042,0.009381308012257054,0.17502114298985108,0.005993475782450473
0.407559654,0.06394288930829382,0.2497466844738684,0.011251381884462506,0.1817756746521112,0.008012414479356307
0.407799691,0.06003538618287069,0.24965453876050495,0.013138161069173067,0.18582448342628943,0.009341171587530747
0.408071149,0.05452755773039443,0.24954952671650432,0.015001123810191516,0.18966857399560705,0.010697741958195854
0.449969811,0.051201075530242,0.2494301269027648,0.016870441407107317,0.1950556974304042,0.012786819044941477
0.550736072,0.04651269287332846,0.24929647898880902,0.01874208002816915,0.19830015259953623,0.014167713377767621
0.551016181,0.04369214185215554,0.24914900327044298,0.02061005020238422,0.20283898214930887,0.016272707457258707
0.64889757,0.0396954140924656,0.2489873300980768,0.022479089185981998,0.20556156230741476,0.017661833595878737
0.649825593,0.03730037898333407,0.24881199694910902,0.024343175105079443,0.20937962820369344,0.019780917429554224
0.749983747,0.033892375166153926,0.24862212092427607,0.026211466710480805,0.21166287633024025,0.02117832541119427
0.75043742,0.03186256366553996,0.24841886908717808,0.028072504010997628,0.21486282966058703,0.02330959393370303
0.850648383,0.028955850473657466,0.24820109212066957,0.029936898137697777,0.21676951019996699,0.02471400417910071
0.850926342,0.02724087912262293,0.2479699333513108,0.031794844766824794,0.21943848882856498,0.026855416652327376
0.954018958,0.024761008195205533,0.2477242699575307,0.03365540185480577,0.22102195333360714,0.028265431327141502
0.95431163,0.023319407148336455,0.24746520507615236,0.035510171452949275,0.22323409400564564,0.03041499892085552
1.050960281,0.0219641426224319,0.24719102835479856,0.03737105164291179,0.22453966775401563,0.03182933596244027
1.05123986,0.019959534763305312,0.2469044403584026,0.03921985888939448,0.22576347169125266,0.033263097608873436
1.150448582,0.018824267914424254,0.24660284347803682,0.041073563134294416,0.22745173481143544,0.035450568842316295
1.150826347,0.017115563900221537,0.24628836341211938,0.04291901732076138,0.22845300544906463,0.03689796518315933
1.250640107,0.016190484312279502,0.24595957076249816,0.04476482492233898,0.22981429634779213,0.03908392343609532
1.251052246,0.014733094291523655,0.24561659625363902,0.04660995220740825,0.23061185840186124,0.040528042617024994
1.351064215,0.01399205200923117,0.24526045855569928,0.04844901927849636,0.23169049284261614,0.04271141542769985
1.351346421,0.012748228042452037,0.24489014478983748,0.05028734418133881,0.2323145159172683,0.044152926695673674
1.450377254,0.01217353163372183,0.24450615397279224,0.05212236246980001,0.23314831828896104,0.04633298540473928
1.450738311,0.011110955141615976,0.24410839494107317,0.05395453196250558,0.23362201551182932,0.04777143250485835
1.554381309,0.010687672069652394,0.24369637593835644,0.05578598708019115,0.2342430073860512,0.04994756715924604
1.554738615,0.009776916308573719,0.24327144747169344,0.05761078757513306,0.23458603978601858,0.051382623511619
1.64988724,0.009492926181015856,0.24283264729710896,0.05943320121512795,0.2350203753411535,0.05355472357282577
1.65015812,0.0087088667423932,0.24238017892316444,0.061252337630288,0.23524960472344417,0.05498571501036745
1.754098852,0.008553820927398915,0.24191444030415957,0.06306665975240178,0.23552181371168035,0.05715238167423451
1.754371945,0.007882615181916842,0.2414338547901199,0.0648821528710577,0.23565146870812148,0.058578831234276124
1.851373982,0.007834629700125152,0.24093750047416138,0.06670173060171289,0.2357811676966584,0.06073952845872625
1.851647087,0.007845911109871206,0.2404334842202262,0.06849627483098795,0.2358229824072242,0.06216186913113035
1.952882999,0.007271540463572347,0.23991320725003248,0.07029689173073703,0.23583130568474195,0.06359641407945879
1.953170289,0.007369419499909776,0.23937948727433309,0.07209341906358305,0.23578238613984928,0.06577391242606258
2.052207,0.006859219184320648,0.2388312003232902,0.07388949690000898,0.23571374420928135,0.06721193663125219
2.052482591,0.0070323290891440215,0.2382706767499363,0.07567750393034489,0.23555850896573347,0.0693772631628119
2.149150791,0.006573037156956044,0.23769653120008816,0.07746198458240995,0.2354242583506374,0.07080687913503572
2.14975104,0.006811627640919455,0.23710925696745058,0.07924140496194831,0.2351744750362465,0.07295957112576552
2.251905444,0.00639218763556235,0.23650817494584284,0.08101779547597308,0.23498133082503908,0.07437949613432654
2.252180911,0.0066833448692333415,0.23589404129362082,0.08278889588684897,0.23464686631266296,0.07651955642123467
2.352067642,0.006293021432976499,0.23526581882320277,0.08455764006550752,0.23440113051127612,0.0779304677601932
2.352408746,0.006621479975360236,0.23462532637593064,0.08631892158147035,0.23399029817866146,0.08005802244919114
2.451123704,0.006251798873040969,0.23397150734499078,0.0880757273640867,0.23369712614520444,0.08145993474178509
2.451521636,0.006615171164329386,0.23330519985462503,0.08982585218517813,0.23321718923015683,0.08357467283413268
2.555585594,0.006260772212519119,0.23262325006229964,0.09157741823426131,0.23288112730669752,0.08496727535681935
2.555921465,0.006642562521702057,0.23193079734971683,0.09331722906690157,0.23233777916610998,0.08706969879501197
2.651333979,0.007021017652889001,0.23122440971153901,0.09505404964308642,0.2319626640245311,0.08845263938284131
2.651698394,0.006660090618181047,0.23050504342079914,0.09678545839936652,0.2315660882166372,0.0898450785233508
2.75269824,0.007043279237294832,0.229772550407053,0.098511801726688,0.23093009639430107,0.09195307514832013
2.752977988,0.006693109953683449,0.22902660578502967,0.10023379591030468,0.23049337072510692,0.09334493656894281
2.859144817,0.007085713030109831,0.22826833463129448,0.1019488470001273,0.22980772554871745,0.09543516935570459
2.859484207,0.006743409454913683,0.2274979536664882,0.10365655347135745,0.22933999909134534,0.0968144633084152
2.954478069,0.007147712830753725,0.22671439463565105,0.1053593055453114,0.2286082235512959,0.09888729016253558
2.954753112,0.00681490047505048,0.22591783506669147,0.10705667563855692,0.2281117743709753,0.10025399756003225
3.051399131,0.007227898163837862,0.2251083475292539,0.1087484798636222,0.22733750788797508,0.10230847112294883
3.051682535,0.006902012228500266,0.22428613200783287,0.1104342835760932,0.22681410862893905,0.10366288445405414
3.151503813,0.007318015138866536,0.22345083871144056,0.11211477458013183,0.22599919136812605,0.10570044129135339
3.151889094,0.006995612446625493,0.22260503187540934,0.11378488381040773,0.2254504316305494,0.10704269975728899
3.254198638,0.007422744605040246,0.22174571615940045,0.11545058408234501,0.22459756058926886,0.1090626597832311
3.254569738,0.0071043004351447414,0.22087250007818351,0.11711250449551842,0.22402507193147203,0.11039250239868043
3.352604851,0.007536085450896273,0.21998889707375038,0.1187639893413608,0.2231362310086307,0.11239489413284424
3.353061349,0.007221130140584528,0.21909097212084827,0.12041239942440181,0.2225411706072436,0.11371249537078389
3.45440534,0.007658041027802976,0.21818342366184432,0.12204914436077033,0.22161818454589,0.11569720464311808
3.454680575,0.007358892249892409,0.21726082719425302,0.12368400449075431,0.2210021544150413,0.11700208388283759
3.552054301,0.007790037336741778,0.21632340629350924,0.12531633528624,0.2200467168430319,0.11896887487302435
3.55232233,0.008217027354966409,0.21538107774561535,0.12692907999799416,0.21940999953317106,0.12026181137151826
3.652733576,0.007886719943079967,0.21442202218955625,0.12854258593999673,0.21875574966358077,0.12156130061900094
3.653115584,0.008306513809196251,0.21345341553002714,0.13014468640157986,0.21773968557813808,0.123524396337297
3.75400287,0.007989115349369748,0.21247095720078027,0.13174252292325433,0.21705997727344314,0.12481871859073126
3.754288573,0.008412131688776569,0.21147663556597207,0.13333278895191922,0.2160177070768667,0.12675976578152978
3.854650611,0.008084074974880829,0.21047022290148382,0.13491584514726104,0.21531902124188207,0.12804175508358934
3.854997775,0.008484128231003195,0.20945269199566563,0.13649018212226413,0.21423728190910457,0.12997405078843477
3.953954502,0.008119292817376453,0.20842395403940311,0.13805598640617067,0.213502457942857,0.13125972052388582
3.954229217,0.008515662167235295,0.2073834654628024,0.1396141047768407,0.21236275419224176,0.1332008684952759
4.053237437,0.008133498831574222,0.20632609453334927,0.14117203233861664,0.21159768072106636,0.1344842164610709
4.053655672,0.008503997935926955,0.20526124424459943,0.14271587722169843,0.2104123015804793,0.13642140253625426
4.153467373,0.008103918991620874,0.20418884278488555,0.14424602761313493,0.2096181996351844,0.1377007953723078
4.153935804,0.008476301614872665,0.20310275699577895,0.14577129381573575,0.20839047014649137,0.13963015445414034
4.255375132,0.00806587895356014,0.20200224380379347,0.14729254393292546,0.2075709057270001,0.14090210627566585
4.255777058,0.008437185707000637,0.20089245437180242,0.14880262691388643,0.20630322414309057,0.1428208233584695
4.351888393,0.008775821698002464,0.19976590364862515,0.15031162210370896,0.2054587099180335,0.14408441892464047
4.352215436,0.008322614855738824,0.19863681279088885,0.15180058169940383,0.2045926825071846,0.14535522194236605
4.454496982,0.008652051370223483,0.19749348444820267,0.15328510560555952,0.20325098298410627,0.14727535281147286
4.454771209,0.008199605551901265,0.1963382507807396,0.1547620472866633,0.20235332892875021,0.14854297759849358
4.554228386,0.008529178887219437,0.19517115618507122,0.1562313022200818,0.20097960003950466,0.15044377155522443
4.55468677,0.008073656760556816,0.193994106118964,0.1576904778073303,0.20006265755819957,0.15169718356129652
4.651673151,0.008403250919116008,0.19280630439474988,0.15914059502728728,0.19865778820842497,0.153577855534413
4.652049136,0.007948932407080445,0.1916077744254463,0.1605816327595634,0.19772157977475635,0.15481656466279542
4.752414114,0.00828119906667269,0.1903978537679007,0.16201437368510582,0.19628687137239498,0.15667536646781438
4.752697766,0.007827503383038925,0.18917668984360622,0.16343861238953303,0.1953319884089954,0.1578987064740162
4.854381617,0.008159718743973915,0.1879456195111665,0.1648527952646355,0.19386812243169427,0.1597348104690518
4.854737827,0.007704644774884899,0.18670404837311072,0.16625762635467625,0.19289502285275387,0.16094228582248393
4.954794216,0.008039965802271768,0.18545358271731527,0.16765133061598977,0.19140252383465922,0.16275524537474492
4.955091763,0.007588615805885829,0.1841901246522902,0.16903845118958527,0.1904118692410665,0.1639462076394659
5.05278484,0.007926277181644235,0.18291786302075563,0.1704143637957789,0.18889182712006014,0.16573474385506137
5.053111096,0.007496538317137433,0.18163330262234223,0.1717828378462198,0.18788394366794894,0.166908891141625
5.154984575,0.007813553837647537,0.1803269929474361,0.17315361854300168,0.18633681832997384,0.16867253768993568
5.155301256,0.008135977430363072,0.1790370331406283,0.17448707907521852,0.1853112357262962,0.16983025553466916
5.253243363,0.00766293838206341,0.1777231219593858,0.1758251743096229,0.18426637858410744,0.17098989546653498
5.25359293,0.007977344419695354,0.17639851486652278,0.17715406840624673,0.182658843314898,0.17273491550486797
5.354720022,0.007509126015084621,0.17506439081506336,0.1784725723144897,0.18158913486868902,0.17388282950850142
5.3550484,0.007827306196929706,0.17372183451580236,0.17977965461215065,0.1799595117623918,0.1755989422233584
5.454036426,0.007367510423645428,0.17236912915289085,0.1810770093498179,0.17887636024463416,0.176726990290188
5.454358561,0.007692220364668186,0.1710065056493589,0.18236440174989135,0.17722526718354636,0.1784138049818784
5.552267011,0.0072389084255789,0.1696332214570092,0.18364250645783856,0.17612871006725897,0.1795219625795706
5.552539045,0.007569751337989651,0.16825173430696785,0.1849090422415775,0.1744559910722787,0.1811795659802223
5.654243882,0.007120434802681808,0.16685804078573566,0.18616765085574286,0.17334596393367094,0.18226790874305365
5.65452869,0.007452777050910676,0.16545943101978933,0.1874117837453333,0.1716515501601499,0.18389635314143532
5.753013488,0.007010859898737019,0.16404888833762865,0.18864771993106158,0.17052812774611642,0.18496487558761182
5.75330685,0.007348605827136954,0.16263045994439923,0.18987188706670916,0.16881205454695983,0.18656431322939085
5.853021856,0.006912594285233307,0.16120019273749772,0.19108767061585524,0.16767540423646077,0.18761295571440967
5.853388158,0.0072539719425760716,0.15976328431375492,0.19229064716018382,0.16593797790198,0.1891830566395759
5.951750676,0.006821707848199602,0.15831516847884797,0.1934846439113812,0.16478878862455548,0.19021167108033438
5.952195209,0.007166534026160599,0.15686146158353506,0.19466505045815788,0.16303011204566903,0.19175241429100578
6.052794373,0.007494390590840844,0.1553952244102523,0.1958374944449794,0.16186789205151048,0.19276116813687633
6.053082519,0.007038784250561748,0.1539217657697644,0.19699769039843534,0.1606854574808699,0.19376994121902152
6.155356218,0.0073573363769600655,0.15244130638034287,0.19814552255616183,0.1588720062310071,0.19528360306801704
6.155641745,0.006912392356777184,0.1509512739656287,0.19928299698708293,0.15766675901754149,0.19627755873596614
6.255273924,0.007238661154797076,0.14945282031326176,0.20040921760341238,0.15583701441966535,0.19775907917197275
6.255727877,0.006802724548980081,0.1479443104920391,0.2015253854804281,0.15462199913651423,0.1987313400832636
6.353496173,0.007133637684404047,0.14642894332056042,0.20262913057609486,0.15277586853077801,0.20018094723630991
6.353923065,0.006704194437496833,0.1449047149189262,0.2037219271317271,0.1515514368246378,0.20113158458285768
6.453688504,0.007039312803595627,0.1433741341299523,0.20480199623657588,0.14968859603259363,0.20254948787125182
6.453990057,0.006619937304628136,0.14183387331066505,0.20587168912138992,0.1484539859124287,0.20347877585784788
6.55753477,0.006958641959645556,0.14028487465441597,0.20693031180374422,0.14657440862641785,0.20486504370196143
6.557811892,0.006543910307475797,0.13872889168761673,0.20797666842971954,0.14532944048624094,0.20577315907427757
6.654348868,0.006885690403065106,0.13716567733633842,0.20901094938032194,0.14343284097173917,0.20712802025807692
6.654625925,0.00647643649351892,0.1355944490835719,0.21003367677047086,0.14217758788590956,0.20801500992425298
6.754511073,0.006822913946667917,0.1340163631012983,0.21104410539292723,0.14026416020461216,0.209338449797443
6.754901214,0.006418655430914404,0.1324285132333887,0.21204407297256433,0.138998718220005,0.2102043552883862
6.855308406,0.006766704667721395,0.1308353786239037,0.21303075763921922,0.1370680377144713,0.21149677647845738
6.855584318,0.007100735520052897,0.12923363862125356,0.2140062303969472,0.13579241588748808,0.21234167855573355
6.957042639,0.006673523977852425,0.12762516047795572,0.21496934296074882,0.1344978037651065,0.21318406450254626
6.957386681,0.007001456087435683,0.12600953735516499,0.215920347571824,0.13251752586005944,0.2144431854604994
7.05483963,0.0065871991284494995,0.12438447160382642,0.21686056170691087,0.1312025010079258,0.21526843658961436
7.055395636,0.00691314457946756,0.12275132106172064,0.21778914843858124,0.12921001363538245,0.21649435787761334
7.157635959,0.006502756535330261,0.12111866327091839,0.21870132465869035,0.12788775517101214,0.217297414823727
7.15796208,0.006838023732297969,0.11947583274890405,0.21960310878709324,0.12588271001683546,0.21849055935832873
7.256804173,0.006437017602749915,0.11782553544307467,0.22049295498394672,0.12455355194759236,0.2192713320967971
7.257143589,0.006777436620572521,0.1161682327384075,0.22137059809838158,0.12253637102694817,0.22043144403427148
7.356616876,0.006381200418296535,0.11450361776811908,0.22223618408803839,0.12119985139235445,0.22119019059114792
7.356919735,0.0067266033743442364,0.11283543581264006,0.22308779532948814,0.11916997960360336,0.22231755268016504
7.458760189,0.006334903985875047,0.11115715982112266,0.22392875166110623,0.11782668089878195,0.22305429094134938
7.459135659,0.006684245768551083,0.10947816737063462,0.22475437897662265,0.1157840773206526,0.22414897975914727
7.557960491,0.006300010865827223,0.10778653760570145,0.2255705262461714,0.11443332553831699,0.2248638780499454
7.55828287,0.006649745969326126,0.10609330880835709,0.22637183973739883,0.11237753947735993,0.2259262145492584
7.656257276,0.006269459401175804,0.10439160933563497,0.2271615986480025,0.11101921345126033,0.22661939467981806
7.65652815,0.006623364741569077,0.10268790365893048,0.22793682116352815,0.1089507607827375,0.22764917236764787
7.754034806,0.006964379857635728,0.10097273677537001,0.22870178492546103,0.10758512517122183,0.22832062852414448
7.754322671,0.006569876212086453,0.09925226204923729,0.2294536739259355,0.1062010199477528,0.2289874653146245
7.855657474,0.006890074738375093,0.09752127096942616,0.23019470391064117,0.104087607813769,0.22997907949466473
7.855953141,0.006495529000660016,0.09580098328165824,0.23091594055471232,0.10268499808409909,0.2306270286301229
7.957051647,0.006830623076965451,0.0940677257978153,0.23162742273579576,0.1005631167460886,0.2315850738573616
7.957399529,0.006447332798167981,0.09232733147991798,0.23232663183930796,0.09915696323300807,0.23221026287112267
8.055417245,0.006786433141373747,0.0905815070305708,0.2330128549760091,0.09702769260886575,0.23313447611115762
8.055837339,0.006409774631389244,0.0888315294351508,0.23368559942412356,0.09561776657459131,0.2337371772256873
8.161415584,0.006751851205875689,0.08707668319445692,0.2343451540865571,0.09348022138825293,0.2346278366396036
8.161701721,0.006381699174785473,0.08531733464736793,0.23499138794574798,0.09206570433453923,0.23520818571223226
8.258242671,0.006728463924091745,0.08355336383379434,0.23562435228994813,0.08991980647085732,0.23606536533561034
8.258537428,0.006370509635024838,0.08178286747579036,0.2362447091205162,0.08850066372596635,0.2366234442772227
8.358276441,0.006713936924407229,0.08000348951967362,0.2368532069968137,0.08634624112418357,0.23744725673667624
8.358568324,0.006354767558250287,0.07822966438418515,0.23744498228081753,0.08492198961637835,0.23798324988291608
8.460837509,0.0067065563977234946,0.07644841352483495,0.23802445267143424,0.08275884376069911,0.23877381303713396
8.461193532,0.006353078190553299,0.07465991484263772,0.23859148584073592,0.08133024290769733,0.2392876339717569
8.562473522,0.0067079587296605785,0.07286987828664723,0.23914426783531573,0.07915878893584895,0.24004493722062936
8.562787064,0.006373573711283344,0.0710718938891468,0.23968476359378763,0.07772552921055706,0.24053673033522258
8.658555477,0.00671232386461527,0.06925788492258836,0.2402152063797159,0.07554506777341316,0.2412610427213376
8.658982358,0.007054118516713305,0.06746937685540602,0.24072366561421252,0.07410568025313316,0.24173102298714375
8.758562573,0.006682838893167072,0.06566207592230928,0.24122290891532855,0.07264901036292654,0.24219416334664612
8.758839445,0.007015834927892704,0.06384940497937053,0.24170902648387035,0.07042963427642841,0.2428756104157705
8.856828627,0.0066523103730123006,0.06203551548243993,0.2421809134073698,0.06895862316224516,0.24331780381073376
8.857117519,0.0069916967384327285,0.06021715369184302,0.24263943290663403,0.06673596831654122,0.24396543787936528
8.959118447,0.006635593885011133,0.058394930239049764,0.2430844135735085,0.06526455466546821,0.2443852146813516
8.959390095,0.0069781082766479634,0.05657107450582694,0.24351532503983436,0.06303863516208116,0.24499915972215905
9.057106095,0.006630456927932209,0.05474302253671106,0.24393278066620144,0.061565871789902096,0.24539658502090644
9.057399445,0.006975335760137908,0.05291158553446361,0.24433657957053656,0.059335904402777924,0.24597703260289833
9.151430965,0.006633196819280141,0.05107905984261375,0.2447262340771718,0.05786223582629387,0.24635222071336657
9.151822681,0.006983931130048978,0.04924339839263147,0.24510219851063061,0.05562856849968825,0.2468991132963833
9.251720533,0.006646915345764869,0.04740137114878509,0.24546508919440077,0.05415281850169845,0.24725205664516936
9.252009775,0.007001455669672528,0.04556153536846165,0.24581323498719188,0.05191529043785034,0.24776548500498724
9.354745073,0.006669381890785661,0.04371343367492776,0.24614860494495533,0.05043850725866761,0.2480963643725218
9.355083571,0.007024038831722038,0.04186938850216462,0.2464689722996686,0.048197054749318624,0.24857641023938776
9.452984872,0.007368608931549837,0.04001870401098778,0.2467762211585244,0.04671863543136712,0.24888525896561864
9.453398343,0.0070157733653274015,0.03816621690540567,0.24706950416255247,0.04522447675024638,0.2491854827892936
9.552624661,0.007352934610614755,0.03631122745271414,0.24734893321152057,0.04294939236867355,0.24961958123844216
9.552940402,0.0070077852673605025,0.03445284549294309,0.2476146228263577,0.04144224492213962,0.24989802883649337
9.655310211,0.007345205749469718,0.03259606770034578,0.24786588383735764,0.039168011917967205,0.25029870186464764
9.655617841,0.007011377729170088,0.030738716764097306,0.24810306586516945,0.037662565845879625,0.2505550775688008
9.75307319,0.007354782947226706,0.02887590565553667,0.24832676471249035,0.03538907814984692,0.25092253082685095
9.753347847,0.0070390374729196615,0.027013191123157136,0.248536290117447,0.0338852525420176,0.2511569015072235
9.8505249,0.007374967602203608,0.0251362571309204,0.24873312722162333,0.03161247487248492,0.2514911432311875
9.850805609,0.007056018164897063,0.023282519159311135,0.24891348758473558,0.03010934173334401,0.25170358447843444
9.952094279,0.00740627629764323,0.021414945836844706,0.249081111477376,0.027836784683852728,0.25200470142236076
9.952412444,0.0070946240329010195,0.01954667255755488,0.24923468376597935,0.026335456169201105,0.2521953164131133
10.05303757,0.007448802712554711,0.017676783623328578,0.24937427958940356,0.024063560404042422,0.25246341741759304
10.053428893,0.007143991074785238,0.015805772802515588,0.24949985480179193,0.022563878541685303,0.2526323727456773
10.155139536,0.007500518474075272,0.013932774944591473,0.24961145362812054,0.02029158043015407,0.252867555787665
10.155413141,0.007197373846921112,0.012060209932839863,0.24970893323302598,0.018792863050661787,0.25301486114739846
10.253189236,0.007559570178725662,0.010191130935981646,0.24979219533493371,0.016521324515013106,0.2532172266551311
10.253468458,0.0072824176303745505,0.00831363410648204,0.2498617287380033,0.015023909143480799,0.2533430087059044
10.352774646,0.007624274513018807,0.006419690566549458,0.24991756155386471,0.0127528229204769,0.25351270287665406
10.353103286,0.007974739631601094,0.004565551448352913,0.24995830800349975,0.011254692676953032,0.2536168529975801
10.456913161,0.007657403968692277,0.00269085620197775,0.24998551816635353,0.009742031225183828,0.2537107568142718
10.457285335,0.00800160087974039,0.0008150630048001001,0.24999867134106574,0.007443958280689791,0.2538318923053504
10.554204956,0.007692130297089105,-0.0010599712629657443,0.24999775291174456,0.005923668738474441,0.2539034396591613
10.554570644,0.008042373115865448,-0.002933781610363917,0.2499827852582307,0.0036305017775363907,0.25399265459659226
10.653677367,0.007741899349270763,-0.004809406352682613,0.24995373494015802,0.0021155006712560154,0.254043408282199
10.653993277,0.008099002398056054,-0.0066820285973286896,0.24991068503332242,-0.00017211361598022668,0.2541009132454672
10.757706888,0.007805086719052625,-0.008560001812644132,0.24985340976053844,-0.0016826776288525608,0.2541308215848492
10.758027785,0.008165874974886921,-0.010429353496610906,0.2497823624390696,-0.003965235502562128,0.2541566689270682
10.854554976,0.00788280289074252,-0.012306100088422289,0.2496969361057795,-0.0054715828751342455,0.2541658161183502
10.854987096,0.008244327411814226,-0.014177376272525036,0.2495976802817431,-0.0077491202084553346,0.2541601473105609
10.954695997,0.007966068759199455,-0.016049506322765486,0.2494842947898635,-0.00925149152998786,0.25414861996617444
10.954981299,0.008333316648355649,-0.01791589699305592,0.249357214924562,-0.011524159962178676,0.25411157599671524
11.053789211,0.008064482870621512,-0.01978876744168606,0.24921557873282896,-0.013022246186639094,0.25407956438934143
11.054202829,0.008433833261363178,-0.021655646567636803,0.2490602998708096,-0.015289882614928044,0.254011353624198
11.154834208,0.008788897489909913,-0.023525524928303194,0.24889063798553732,-0.01678426599180992,0.2539586722624168
11.155132995,0.008481979463414361,-0.025391061995443092,0.24870724551316065,-0.018294632096321164,0.25389235899070317
11.25402337,0.008810615232624521,-0.027253738064329062,0.24851002748686207,-0.020593772921419798,0.25376253545096994
11.254297276,0.008479370398514872,-0.02911943972069849,0.2482983250655401,-0.02212566172399319,0.25365687058742903
11.353913407,0.008796337241450593,-0.0309792611891577,0.24807314521361223,-0.024439907703439803,0.25347097610611335
11.354221635,0.008453593595677406,-0.03283950280066983,0.24783374882328837,-0.025974871761035634,0.25333396605127323
11.455611562,0.008762375956236763,-0.034696011075567273,0.24758066728935868,-0.028294208458206155,0.25310155199465967
11.455932895,0.008412483089850127,-0.036551920743789365,0.24731347939394596,-0.029830363376172078,0.25293485813516825
11.554203401,0.008715964958697826,-0.0384064475565403,0.2470322747862852,-0.032151807248842465,0.2526580499647238
11.554533417,0.008356755900906097,-0.04025918906531052,0.24673710238998023,-0.033687796976622594,0.2524629081130185
11.653867736,0.008654215690189971,-0.0421067995150139,0.24642852398738752,-0.036009566367785156,0.2521433395693345
11.65417021,0.008293232327050377,-0.043953572913334744,0.2461058378587395,-0.037544099895872984,0.25192082752775524
11.752949572,0.008587421392723926,-0.045800432994062154,0.24576883516336326,-0.03986412467108619,0.251560030715665
11.753234414,0.0082184672827154,-0.047642084177070915,0.245418483035131,-0.041395631746538736,0.2513113293940064
11.852765536,0.00851176348820218,-0.04947929535957605,0.24505468640840117,-0.04371271120799414,0.25091042818035353
11.853176844,0.008138698700006747,-0.05131771645938884,0.24467630039992383,-0.04524062486554879,0.2506360886041447
11.953366847,0.008429327901874532,-0.05314826098818347,0.24428520698955952,-0.04755366515623009,0.25019612180932993
11.953643101,0.00871286320371448,-0.05498011466891438,0.2438794517604815,-0.04907715679025461,0.24989681473441694
12.055840162,0.008307200005976782,-0.056812223181831434,0.2434591778864329,-0.05061343974313434,0.2495820096730147
12.056218691,0.008573433000750563,-0.05863538199883965,0.243026525255681,-0.05294479594397079,0.24907853337624997
12.156004332,0.00817033422932286,-0.06045530427934017,0.24258020567328323,-0.05448658841950203,0.2487347311954397
12.156278873,0.00843979133300909,-0.0622703003614544,0.24212065110786038,-0.056806809184514584,0.2481955688503772
12.25683068,0.008045057123650964,-0.06408477002304039,0.24164673027188682,-0.0583393783163564,0.24782900751263737
12.257253372,0.008321763220417246,-0.06589673177386327,0.2411589118019973,-0.06064697642494411,0.24725505918368862
12.356528892,0.007923855215984266,-0.06771017155438495,0.24065604639833124,-0.06217040502976999,0.24686593608732288
12.356805021,0.00819619672557201,-0.06950652920290502,0.24014337883474055,-0.06446590047686314,0.2462572600512905
12.455512742,0.00780724568566993,-0.07130460416383173,0.23961563685419043,-0.06597942656250054,0.24584621662485046
12.455792529,0.008084637196785758,-0.07309780870275204,0.2390746961994428,-0.06826149529726991,0.2452035752030099
12.553812427,0.007700289516376126,-0.07489148932207276,0.23851889825991118,-0.06976529372811138,0.244770576221555
12.554137483,0.007977915338646398,-0.07667749886484125,0.23795075366098817,-0.07203467493281732,0.24409393236360116
12.656646995,0.007594960450192679,-0.07846120894374643,0.2373685714054954,-0.07352887347311113,0.24363907377418342
12.656987655,0.00787640333624003,-0.08023562214184637,0.2367746712372564,-0.07578481109952087,0.24292883286216554
12.755416411,0.007497725535267282,-0.08201293392422866,0.23616493954255804,-0.07726898719423875,0.2424524429372411
12.755870338,0.007784491305711215,-0.08377875967791489,0.2355443045943378,-0.07951107659930912,0.2417089432165752
12.855629845,0.00805021003997779,-0.08555115893806702,0.2349063626306312,-0.08098521157095578,0.24121115680090063
12.855931767,0.007646278625061379,-0.08730434093670222,0.23426043638140875,-0.08246960966582192,0.2406971479040833
12.956211365,0.007908547068553587,-0.08905819044095908,0.2335993123178702,-0.08471713913153117,0.23989382185722152
12.956572831,0.007514136795992715,-0.09080770869037992,0.23292479482099604,-0.08620084571859354,0.23935300843713475
13.055279534,0.007781044106326173,-0.09255272807816545,0.23223693187193367,-0.0884298642421695,0.23851898930391632
13.05566905,0.007392576959451649,-0.09429273198079809,0.2315359166427476,-0.08990016844963364,0.23795853550184842
13.154549253,0.007662758825412837,-0.09602492873060535,0.2308229041111002,-0.09211046248849708,0.23709404022354508
13.154838879,0.00728228375289849,-0.09775405148170387,0.23009594828877886,-0.09356751514215367,0.2365139531418518
13.254440122,0.007557274837821889,-0.0994760271260779,0.229356752739508,-0.09575912529408749,0.2356190444469483
13.254779874,0.007182697814812346,-0.10119532305456685,0.22860338272187017,-0.09720252667839249,0.23501976644424719
13.35590654,0.007459361675062074,-0.10290540722392384,0.22783870866048728,-0.09937578355399519,0.23409433849668998
13.356181152,0.007089905075507248,-0.10461224008571791,0.2270600784467585,-0.10080626199344316,0.2334754200090223
13.455604583,0.0073695462371063305,-0.10630977195641753,0.22627026403523398,-0.102961167295482,0.23251955205903832
13.455943093,0.007006742992201465,-0.10800546341118443,0.2254657842630125,-0.10437866330213688,0.2318811200071385
13.556293944,0.007288079461032408,-0.10969283593705273,0.2246496867215417,-0.10651566597567776,0.23089468779402367
13.55658875,0.006928634275054903,-0.11137595595546035,0.22382000901395602,-0.10792030534852527,0.230236751264749
13.655308198,0.007212392594717606,-0.11304932200327888,0.2229794851429139,-0.11003900938786533,0.22921999721124192
13.655610893,0.006862566775170542,-0.1147197933551812,0.2221246699773452,-0.11143016734551481,0.22854315637655676
13.755061786,0.0071427466328828826,-0.11638612846193006,0.221256116529336,-0.11353038245956226,0.22749627177689474
13.755400313,0.0074197574498341065,-0.11803882898477921,0.22037884392995177,-0.11490935729201743,0.22679953208510792
13.856279718,0.007038040930865803,-0.11968971489611711,0.2194866104073007,-0.11629677020111467,0.22608515016326364
13.856559826,0.007306385378203012,-0.12133100515086445,0.2185835931379135,-0.11839393669030047,0.22497950190856547
13.957267591,0.006934253392390261,-0.12296732433539954,0.21766726245761592,-0.11977612613114182,0.22423989673284841
13.957631077,0.00720705450235047,-0.1245956035706796,0.2167393263135651,-0.12185052087824745,0.22310708817481473
14.057350288,0.006849453093102539,-0.12621875745372085,0.21579811228747758,-0.1232168136193876,0.22235020873177377
14.057630311,0.007117607557613199,-0.12783983614782038,0.214841747092362,-0.12526860722348432,0.22119027365316882
14.157901307,0.006760485699689252,-0.1294406856628402,0.2138810624976737,-0.12661962047922248,0.2204157337651494
14.158233853,0.007038391790439635,-0.13104058477358274,0.21290459164188422,-0.12864964053182384,0.2192281628266265
14.257651651,0.006687916256515817,-0.13263395441489925,0.21191562975926628,-0.1299848280148594,0.2184364493636059
14.257974788,0.00697037719290986,-0.1342190314418148,0.2109152711370638,-0.13199249569269975,0.21722167759495098
14.355458123,0.00662359171777118,-0.13579969698763386,0.20990102976895283,-0.13331234703159012,0.21641250029469486
14.355775723,0.006907216048815506,-0.137367666742809,0.20887825194030268,-0.13529812753329903,0.21517022895107027
14.455817585,0.006565553378933977,-0.13893147508497478,0.20784139441101002,-0.136602296732227,0.21434405246338412
14.456172607,0.006852705418754392,-0.14048389701119818,0.20679524820591758,-0.1385660608617028,0.21307445163273217
14.555691391,0.0065285309391033405,-0.1420337982995552,0.20573380893912713,-0.13985498248330555,0.21223091084652293
14.556034582,0.00680286516277502,-0.14358411594859352,0.20465483538695306,-0.14179683662273976,0.2109339554554185
14.657886697,0.007081302190816198,-0.1451037371939842,0.203580218715717,-0.1430713522404297,0.2100723975351476
14.658210187,0.0067181851103855755,-0.14662559986279372,0.20248687232725954,-0.14435132410340576,0.209193026999493
14.756194667,0.0069918400646341245,-0.14813974593154797,0.20138176599517746,-0.14628337258632676,0.20783838191844242
14.756609724,0.006636462732914708,-0.14964810804185402,0.20026343590254708,-0.1475553657390314,0.2069347369108512
14.856019454,0.006914420826076205,-0.15114456126594605,0.19913643965815167,-0.14946177590470128,0.20555600903883026
14.856293067,0.006564086312499444,-0.15263685569310464,0.19799492489486278,-0.15071607589328684,0.20463720013160872
14.959661292,0.006841982259861717,-0.15411378195231978,0.19684751004864867,-0.1525974233415152,0.20323404946224202
14.959952156,0.006503273643699201,-0.15558586920124787,0.19568606824424725,-0.15383417690327103,0.2023000152758972
15.057427159,0.006785261423114655,-0.1570495239718561,0.19451335949032755,-0.15568995467934865,0.200872930185249
15.057722301,0.006451848826899311,-0.15850554460938818,0.1933287157358711,-0.1569093634549322,0.19992356056362615
15.157599868,0.006734120728244835,-0.1599507261696706,0.19213475791171947,-0.1587401700540721,0.1984720212939807
15.158083777,0.006404580768083239,-0.16138709876646426,0.19092984143853342,-0.15994245814256997,0.1975071809805041
15.258538947,0.00669051021278002,-0.16281257829672605,0.1897157461793102,-0.16174828064623514,0.1960312766658221
15.25882921,0.006380950428795236,-0.16423186836205578,0.18848844371554557,-0.16293295719872536,0.19505165609189676
15.358150439,0.006653262873098845,-0.16565411954538484,0.187239719818321,-0.1647141996021048,0.19355106506913453
15.358435484,0.006933644658459265,-0.1670408674574759,0.18600362523094535,-0.165882556280743,0.19255528319488174
15.460238481,0.006582950295590563,-0.16843042437100222,0.18474629129215045,-0.1670539017672698,0.1915419232547566
15.460511326,0.00685610532581187,-0.1698112979306105,0.18347785450871568,-0.16881898511574248,0.18998558451784056
15.557938714,0.006516581733757743,-0.17118281753304582,0.18219891048370168,-0.16998011306340574,0.188948701754351
15.558213323,0.006791910711107728,-0.17254652184131547,0.1809079815830812,-0.1717170188834179,0.18737155353174736
15.657389447,0.006456616708018747,-0.1738976324339006,0.17960961397955288,-0.1728589480691783,0.18632163199935448
15.657729725,0.006736377416876385,-0.17523830317246464,0.1783018146324803,-0.17456795319888205,0.1847235379391313
15.756359579,0.0064103840000826005,-0.17657064010644916,0.17698251058338732,-0.17569037494768316,0.18366112675388738
15.756893719,0.006693110300789389,-0.17789331038662032,0.17565298209734317,-0.17737153896069005,0.18204209608972097
15.856003037,0.0063728305214154944,-0.17920621475058218,0.17431331731903968,-0.1784751481354546,0.18096638180863986
15.856278951,0.006655696414531614,-0.18050845044870006,0.17296444523834714,-0.18012890337252122,0.17932596336467901
15.956491502,0.006339524613979554,-0.18179996149481742,0.17160645092910376,-0.18121421903031365,0.17823632276253207
15.956818714,0.006627181233378602,-0.18308052579604933,0.17023959901927083,-0.18284059429943514,0.1765745816718268
16.056703409,0.006316684628368743,-0.18435361911641385,0.1688601288601907,-0.18390686812008497,0.1754722347764117
16.057018237,0.006605088583665907,-0.18561430814249424,0.1674733668759997,-0.18550597433309005,0.17378912245075162
16.160792717,0.006297654990828039,-0.18686594587606317,0.16607564021205587,-0.18655378606164436,0.17267334825715272
16.161208318,0.006588550292869965,-0.1881051479577085,0.16467074212442415,-0.18812606537930657,0.17096836237694613
16.256651281,0.006873154469903813,-0.1893366459527698,0.16325328327281965,-0.18915536436498215,0.1698393391447058
16.257249232,0.00653946646854723,-0.1905557595452089,0.16182862078182747,-0.19018603165120168,0.1686918236530496
16.362990563,0.006814422840051468,-0.1917646700126356,0.16039423722486096,-0.191735778849036,0.16693363987295654
16.363262117,0.006487856712122332,-0.19296148567804608,0.15895239867621128,-0.19275396406191952,0.16576366092500594
16.585344625,0.006766809812336302,-0.19414754950100716,0.15750152069981413,-0.1942736381883025,0.16398815205668704
16.585696678,0.006450814959476656,-0.1953232355109729,0.1560411281346204,-0.19527129639986454,0.16280773861292253
16.585975532,0.006734273155234357,-0.19648949705553523,0.15456997621421442,-0.19676093205304412,0.16101507797318884
16.586216461,0.006419480258470837,-0.1976441691379739,0.15309076525303533,-0.19773808093235712,0.159824383560022
16.599865181,0.006704422746233698,-0.1987843802814394,0.15160728925788525,-0.19919848139609755,0.15801339939241585
16.649747119,0.006396399360745296,-0.19991614804359562,0.15011173755376747,-0.20015550354080514,0.15681188630630807
16.760520697,0.006685393091039924,-0.2010347188126343,0.1486103691938253,-0.2015864963898804,0.15498292490463642
16.760792731,0.006383594495099728,-0.202145087505785,0.14709644318364237,-0.20252318246125325,0.15377113605945125
16.85783995,0.00667332346424215,-0.2032417811152361,0.14557739662841365,-0.20392471812392518,0.1519243546178784
16.858117751,0.006375551869596764,-0.20432864150343336,0.14404793043067787,-0.20484158014582227,0.15070151142195987
16.958292001,0.006666966736537297,-0.2054020498984844,0.14251314991080832,-0.2062137761388318,0.1488368167388955
16.958589901,0.006373109565054974,-0.20646600373386773,0.14096733416705629,-0.20711081913319526,0.1476030450232408
17.057345861,0.00666619823262602,-0.20751617035952985,0.13941678177075592,-0.2084536705277802,0.14572055992062175
17.057664163,0.006953265423275397,-0.20855743965833362,0.13785425043559785,-0.20933119377926782,0.1444753910803058
17.159928477,0.006632858198759215,-0.20958533721018424,0.13628641321310558,-0.21020785179331977,0.14321175621113108
17.160242161,0.00691186187684259,-0.21060151014044445,0.1347108159227175,-0.21152215823589127,0.14127946989207815
17.259756674,0.00659962008041319,-0.2116060505288749,0.1331273051615304,-0.21238384612109545,0.1399952647290637
17.260035626,0.006881753736280758,-0.212598573193746,0.13153648420108932,-0.2136667323114605,0.138049089002936
17.35796984,0.00657706192197814,-0.21357925131223773,0.12993807528551435,-0.21450701542600506,0.13675700395767537
17.358260995,0.006862142295733477,-0.21454765450593255,0.12833278593564076,-0.21575833744282666,0.1347974584216874
17.460200832,0.006563881390432112,-0.2155040898602447,0.12672011384743773,-0.2165771456545515,0.1334978382553197
17.460504919,0.00685223756709664,-0.21644809199694154,0.12510085319806388,-0.217797105749566,0.13152461384140132
17.559298336,0.006560115526786426,-0.2173808768877801,0.12347288918422455,-0.21859483287642015,0.13021673604885423
17.559615972,0.006849123497909854,-0.21830069124675566,0.12183927199876342,-0.21978360368791638,0.12822958391733477
17.662405863,0.006561471819152689,-0.2192081358962962,0.12019897319391265,-0.2205603996594664,0.1269132769854042
17.662715951,0.00685342940351487,-0.22010289900889551,0.11855257841093099,-0.2217180701329602,0.1249121487323853
17.759636875,0.006570105885947459,-0.22098636921430503,0.11689749621561128,-0.22247396025618427,0.12358753115431548
17.759948222,0.006863704037802279,-0.2218561988718588,0.11523813180597053,-0.22360059387108464,0.12157243345960508
17.85799831,0.0065838307717227965,-0.22271508451349664,0.11356932301526695,-0.22433588014566036,0.12023891480467223
17.858274881,0.006879531722014234,-0.22355957903852453,0.11189778648444174,-0.22543152500149677,0.11820988961591827
17.9564625,0.007169785727446384,-0.2243934418497324,0.11021607530134053,-0.22614581634715833,0.11686867932795833
17.956833474,0.00686327124133759,-0.22521353464854058,0.10853047411262247,-0.2268570285234727,0.11550935333930024
18.057434754,0.007145737892862882,-0.22602134963033996,0.10683795913101124,-0.2279189976402284,0.11343367169014676
18.057707094,0.006849034879905643,-0.2268162659695411,0.10513981877307182,-0.22861303913854825,0.11205597205453056
18.161942517,0.0071327076389003175,-0.22759931377285686,0.10343380670808094,-0.22964225163303736,0.10997106023579464
18.162305633,0.006841939971172604,-0.22836760843644371,0.1017262769249869,-0.23031432721342573,0.10858818659106183
18.258258572,0.007131030132136114,-0.22912397004501675,0.10001103114562045,-0.23131090748103234,0.1064940433482993
18.258541365,0.006847399158878574,-0.22986765705633516,0.09828967514154822,-0.23196091019375908,0.10510655727696014
18.355963878,0.007140318097407177,-0.2305983527142421,0.0965629314254595,-0.2329250033075239,0.10300292927156104
18.356262416,0.006860649036169632,-0.23131685604525434,0.0948288569441764,-0.2335533099566342,0.1016098905257504
18.459136802,0.007154725581033963,-0.23202065049801743,0.09309359667816493,-0.23448512226620916,0.0994963214185611
18.459484143,0.0068819262530601675,-0.23271260751464976,0.09135010839475005,-0.2350918337432839,0.09809765466675746
18.558126278,0.007177908239823119,-0.23339104613210954,0.08960256461374035,-0.23599139526416504,0.09597430639632828
18.558434342,0.006908576923954499,-0.2340569879122954,0.08784831477850676,-0.23657676043271736,0.09456940941737675
18.663710362,0.007205846917725182,-0.23470860720846332,0.08609221626990027,-0.2374441928516976,0.09243611146943873
18.664069444,0.006940606828021398,-0.2353479461591593,0.08432878653618499,-0.2380081010684913,0.09102563696456148
18.758968257,0.007241507028166844,-0.2359730705641173,0.08256336941127171,-0.23884341872742412,0.08888263555241328
18.759259823,0.0069860523217287135,-0.23658654298513548,0.08078866058019928,-0.2393857705218354,0.08746726441908437
18.858877269,0.007281487489907724,-0.23718779467756662,0.07900601278379069,-0.24018905215284964,0.08531452929791578
18.85928453,0.007577091675227145,-0.23777169945227825,0.07723094547896887,-0.2407101882414362,0.08389317811538106
18.959305999,0.00728989170209651,-0.2383440807980295,0.07544600154111805,-0.24122610128589173,0.08245358858391237
18.959704485,0.007578727978063634,-0.23890336804129356,0.07365582623612499,-0.24199026228355536,0.08025988596975751
19.059408903,0.007299143295549457,-0.239449048183185,0.07186204369600649,-0.24248691741922856,0.07880527552781108
19.05972251,0.007592696609783154,-0.23998110965603908,0.0700647344122287,-0.24321797214153668,0.07660692166871585
19.159773772,0.007320294442858565,-0.24050013614475604,0.06826188185476431,-0.2436924099657176,0.07515088974126119
19.160071741,0.007616294132351732,-0.24100498858679878,0.06645747118478848,-0.24439048482697684,0.07294785837954706
19.260337266,0.00735082939689412,-0.2414967442076398,0.06464768005976537,-0.24484296147267975,0.07148951945612977
19.260630908,0.007650137998493419,-0.24197467131298114,0.06283516883859502,-0.24550824371660018,0.0692809860009589
19.361711859,0.007390325644948151,-0.24243943485533148,0.061017378074016554,-0.24593886182744323,0.06782021735352696
19.362026888,0.007691479118127928,-0.24289000381524262,0.05919836185766818,-0.24657139995168992,0.06560650009158052
19.460120153,0.00743616601663163,-0.2433272721551162,0.05737454684396215,-0.2469802634787368,0.06414318817100487
19.460422164,0.007741791973315726,-0.24375021789287912,0.05555025901986367,-0.2475801503813198,0.061924283036204814
19.558403102,0.007492764198374359,-0.24416059806301532,0.0537178029475395,-0.2479672383371636,0.0604590812225648
19.558796462,0.007798168943908574,-0.24455655657745726,0.05188536050734295,-0.24853457780020033,0.05823491659291667
19.661733876,0.00755842138855915,-0.24493877834566236,0.05004992370158505,-0.2489001123735154,0.05676701173119385
19.662051497,0.007860760182972232,-0.24530852838860565,0.04820504019100759,-0.24943499474622124,0.05453765491847168
19.863982189,0.008164906562284158,-0.24566189352462062,0.046370616449406446,-0.24977907135167124,0.05306691373930064
19.864366797,0.00789513385159344,-0.24600287123642,0.04452625454085885,-0.25011588137133056,0.051579540782105124
19.86463279,0.008191741035592176,-0.2463299094941469,0.04267992137534228,-0.2506077094235213,0.04931570062866447
19.864919873,0.007930176915466273,-0.24664305746918888,0.04083138746418488,-0.2509240459294023,0.047815495066285824
19.960219793,0.008231371717267762,-0.24694219611733953,0.038981428613449096,-0.25138310563524907,0.04555151450058441
19.960515155,0.007978603349782155,-0.24722772568242452,0.03712750535513877,-0.2516776970007498,0.04405233283413908
20.05846821,0.008283575696599283,-0.24749915952391557,0.03527273784320391,-0.25210413863018416,0.04178827917481902
20.058741085,0.008037409210698699,-0.2477568211761829,0.03341493020601615,-0.25237703041393794,0.04029034240607028
20.163255295,0.008345248974232666,-0.24800035160987374,0.031556704539273395,-0.25277096563662815,0.03802518106995342
20.163557974,0.008104673761999436,-0.24823006785388518,0.02969568004366216,-0.253022339631495,0.03652775964298298
20.260079877,0.008417305449323386,-0.2484456000953515,0.027834938355611207,-0.25338387799394313,0.03426137968691763
20.260374397,0.008183572555257727,-0.24864763387297853,0.025968330122848177,-0.25361385084290516,0.03276448492058652
20.361713972,0.008497655640783832,-0.24883532737215802,0.024103523634335083,-0.25394315171114723,0.03049734802113184
20.362006758,0.008267342036355726,-0.24900916497590248,0.02223591144980993,-0.2541518404238117,0.02900075000123277
20.460049159,0.008581593107719424,-0.24916871437454183,0.020370365164571587,-0.25444847093523854,0.026732213559957516
20.460355478,0.00834707921185228,-0.249314634425535,0.0184990016287861,-0.25463304350292815,0.02523385612995832
20.563032678,0.008637109924898655,-0.2494468760179872,0.016620951984375538,-0.25488533991941076,0.022953158689928463
20.56331101,0.008924542170084704,-0.2495640873468856,0.014756907085024695,-0.25503470427271985,0.02144061999818596
20.662145895,0.008623998906284977,-0.24966778778116208,0.012883933578710188,-0.25517141521974496,0.019909425587309862
20.662417219,0.00889305296760316,-0.24975733634663466,0.011012399422196908,-0.2553518131814726,0.017575568327540286
20.759297979,0.008587883321233846,-0.2498329147530632,0.009138638081719214,-0.2554574501267212,0.0160271061926322
20.759598009,0.008851176831190855,-0.24989451586503397,0.007261607300059541,-0.25559302661567795,0.01368645867296471
20.862909561,0.008535398537062262,-0.24994195110877535,0.005387121303493681,-0.2556697573038311,0.012135126007766672
20.863217175,0.008794413930919676,-0.24997528519877632,0.0035152225804977546,-0.2557622189889911,0.009789330126129647
20.961567488,0.008474931543403237,-0.24999461996967778,0.0016401177446694526,-0.2558110829970682,0.00823636472604869
20.961886405,0.008731336091975744,-0.24999989066420686,-0.00023381164346630888,-0.25586182120535694,0.005886828437121919
21.06312745,0.008408419340579471,-0.24999109560459457,-0.002110004363610519,-0.2558836883126012,0.004333099013535083
21.063403735,0.008661377293741735,-0.24996825030983474,-0.003984198418729394,-0.255893873907009,0.001981411423662441
21.16153527,0.008335239754726251,-0.24993133716685226,-0.00585889938377608,-0.2558894707967934,0.00042760204963734894
21.161815468,0.00858753287507947,-0.24988042283010353,-0.007731383204102139,-0.25586012821123727,-0.0019245471186241647
21.259931456,0.008259979905250252,-0.2498153453161257,-0.009606937315547999,-0.255830099387362,-0.003477626233287859
21.260215178,0.008511058079024974,-0.2497363091362841,-0.011479368405375926,-0.2557620352029745,-0.005829776083416255
21.362614278,0.00818136181508591,-0.24964309083837943,-0.013353920647533735,-0.2557069006390185,-0.007381624579336041
21.362894899,0.00843031079015729,-0.24953598676715488,-0.015224694024587426,-0.25560076206833393,-0.009733502742583638
21.46109636,0.008674166273417484,-0.24941477427489195,-0.017095916863529032,-0.255520989183761,-0.01128349228291313
21.461369329,0.008312873165900033,-0.24927954176955963,-0.01896602370446627,-0.255428531702201,-0.012847928956330315
21.559032125,0.008548164492248546,-0.2491302345596675,-0.02083569601057407,-0.2552643787210357,-0.015225336335838988
21.559296609,0.008189558483343006,-0.24896673152014268,-0.022706091609460164,-0.255144937298396,-0.016798394126675845
21.661295826,0.008424056988509765,-0.24878961732406146,-0.024570842715443266,-0.2549446339520203,-0.019168561858097427
21.661585767,0.008071540116056817,-0.24859845865938449,-0.026434945662480728,-0.2548017375469398,-0.020735466108269596
21.759790262,0.008309562272551807,-0.24839324871791377,-0.028298303683447677,-0.25456588562524285,-0.02309750437416902
21.760070102,0.007963008884185904,-0.2481739099740968,-0.03016140593820007,-0.25439980854371164,-0.024658042224771318
21.862905563,0.008201058614792917,-0.24794055572082904,-0.03202312959169458,-0.2541287332039601,-0.027011546016925708
21.863200135,0.007856318800529552,-0.24769358921305917,-0.033880464323150866,-0.25393962700594436,-0.028565920665119718
21.963831094,0.008098009779173321,-0.2474326860838922,-0.03573605822289375,-0.2536334207311942,-0.03091188628054939
21.964209592,0.007757122961635153,-0.2471576423020325,-0.03759122040717165,-0.2534217718908355,-0.0324591211409581
22.064905531,0.00800123765435933,-0.2468689279526988,-0.03944277388172912,-0.2530807791159511,-0.03479671514689503
22.065238928,0.007662265404138385,-0.24656591258523178,-0.0412946818732369,-0.25284650065141523,-0.036337463142491644
22.099934563,0.007910933225509448,-0.24624970997525625,-0.04314024034590194,-0.25247079110149595,-0.03866715855096457
22.149864072,0.008149782796307412,-0.24591822951726383,-0.044991381297914655,-0.25221405977939637,-0.040201247081748534
22.259444325,0.007784951477100367,-0.24557454033181988,-0.04683102754387709,-0.2519439423562781,-0.04174676973394889
22.2597429,0.008017413666893009,-0.2452162433301489,-0.04867231253032062,-0.2515111325538686,-0.044091937091352215
22.362428118,0.007659229378002684,-0.24484433112257004,-0.05050993483604267,-0.25121468094658644,-0.045641920351087134
22.362700938,0.00789504414588354,-0.24445872626358991,-0.05234435168748594,-0.2507487252810051,-0.04797403052928999
22.460376273,0.007544555832524448,-0.2440593309591661,-0.05417603687761066,-0.25043087149164095,-0.04951393506528609
22.460661092,0.007784204722172849,-0.24364621923281085,-0.056004641357275696,-0.24993212140657634,-0.05183238099004919
22.559257091,0.007440912776530716,-0.24321916048531625,-0.05783113324860561,-0.2495928975273533,-0.05336242881939318
22.559530426,0.0076831574105719344,-0.2427784598764845,-0.05965416515216857,-0.24906132846488077,-0.055667594539614285
22.658689658,0.007344108878619448,-0.24232425244060615,-0.061473219202359874,-0.24870102016808093,-0.0571874589261122
22.659026075,0.007588331541254111,-0.24185677660500499,-0.06328743643280797,-0.24813662596428077,-0.059479625086926904
22.752554196,0.007255217995744126,-0.24137528680515244,-0.06509969984362753,-0.24775474593797547,-0.06099053000622329
22.752839856,0.0075047320076642955,-0.240880429625046,-0.06690753786871298,-0.24715765570301476,-0.06326959601488433
22.852922501,0.0071740681057721615,-0.2403708559049336,-0.06871573059736505,-0.24675485481157564,-0.0647704092585063
22.853252821,0.007424551645696192,-0.23984949731851615,-0.07051396057558469,-0.2461248298020331,-0.06703725877537599
22.953156529,0.007096572283316094,-0.23931320690410054,-0.07231313159637853,-0.24570084959766594,-0.06852869135257092
22.95342323,0.007350780770629543,-0.23876553811040366,-0.07410140221918458,-0.24503822437070227,-0.0707825552428702
23.052761188,0.007597049980675057,-0.23820153920237688,-0.07589483988795621,-0.24459323594568097,-0.07226438665461289
23.053089359,0.007245489097687354,-0.23762609368995302,-0.07767779346540213,-0.24413317610561275,-0.07375694574524175
23.151729952,0.007482678867226506,-0.2370363555206575,-0.0794592106774568,-0.2434128600255504,-0.07601867255620502
23.15230882,0.007138575060561671,-0.23643455216220516,-0.08123239836332233,-0.24292670639854375,-0.07751185856355818
23.254816925,0.007381321806437099,-0.2358186422616718,-0.08300342138648056,-0.24217576512395186,-0.0797559234558963
23.255161152,0.007045652919564214,-0.23518938685767568,-0.08476999651710843,-0.2416699202373377,-0.08123635834586475
23.355049577,0.00729059871434509,-0.23454664938328088,-0.08653247519328403,-0.2408884685825828,-0.08346285725185726
23.355324977,0.00696151892734389,-0.2338913006041381,-0.08828850152598985,-0.240362784834401,-0.08493101415131978
23.454420364,0.007208082856455407,-0.2332222347995749,-0.09004104172593713,-0.23955066649164936,-0.08714040419351173
23.454687423,0.00688436405674981,-0.23254107974899382,-0.09178587162070259,-0.23900513746175028,-0.08859644904730783
23.556189395,0.007136357779417032,-0.23184611891170107,-0.09352741387198392,-0.23816235373908362,-0.09078886570347777
23.556613896,0.006816465889055964,-0.23113753228643924,-0.09526510992244358,-0.23759737775394396,-0.09223228963568
23.65537522,0.00706859224880089,-0.23041714236554744,-0.0969945385271513,-0.2367238272308002,-0.09440804800386396
23.655656708,0.006753835835527465,-0.22968324322002381,-0.09871984493470086,-0.23613867216728485,-0.09584018636350317
23.754147739,0.007008988776202795,-0.22893671660520018,-0.10043893562772487,-0.23523448150126425,-0.09799917010473744
23.754492715,0.006697478311924964,-0.2281763325176851,-0.10215459499591197,-0.2346296012181762,-0.09941940821176015
23.859917256,0.006954921159473811,-0.22740448467719068,-0.10386144784616352,-0.23369476125272506,-0.10156174431266432
23.860241069,0.007210136802105856,-0.22661834505669157,-0.10556574105156598,-0.23307055294480702,-0.10296960128201635
23.957239634,0.006870477572245767,-0.22581959847461971,-0.1072637354596675,-0.23243041397825198,-0.10438568211026333
23.957631149,0.007115926544144611,-0.22500901173746074,-0.10895386471773844,-0.2314374067802715,-0.10652915870580665
24.056494158,0.006786267459548214,-0.22418541629665706,-0.11063859688144355,-0.23077114329764067,-0.10794330275089356
24.056785183,0.007031919264793873,-0.22334846184385385,-0.1123185852474316,-0.22974991238618456,-0.1100658409240303
24.155760218,0.006707621411272295,-0.22250147147001714,-0.11398725890939367,-0.22906557548762577,-0.11146527021144248
24.156083062,0.0069596667905574595,-0.22164063112814353,-0.1156521968365418,-0.22801600918161263,-0.11356731322532918
24.255819672,0.006641878321448942,-0.2207668051915301,-0.11731162655732376,-0.22731407353437624,-0.11495149116240397
24.256142594,0.006896835440342246,-0.21988116194290383,-0.11896333310158429,-0.22623630868788308,-0.11703287784783893
24.356674057,0.006584380631034028,-0.21898179932821646,-0.12061082688953233,-0.2255157935896064,-0.11840328117465257
24.357007112,0.0068399007729692575,-0.21807163287613715,-0.12224877477805354,-0.22440962281339524,-0.12046441162848134
24.455949055,0.006531663094140307,-0.2171486231552994,-0.12388089223830191,-0.22367087814382963,-0.12182069019756467
24.456268925,0.006791580615301662,-0.2162145630868551,-0.12550403463299636,-0.22253635188637597,-0.1238615946342119
24.554277106,0.006488909781248774,-0.21526575884624716,-0.1271245572985384,-0.2217798924391655,-0.1252031955971
24.554653348,0.00674834529361913,-0.214306461573037,-0.1287351565348192,-0.22061696319958146,-0.12722402471708594
24.6594313,0.006447279189593588,-0.21333486518972514,-0.13033892470970365,-0.21984225708281863,-0.12855174398252114
24.65985882,0.006709531804187969,-0.21235275582779234,-0.1319329643885182,-0.21865061752157983,-0.13055298357905354
24.75800263,0.00696992959762634,-0.21135623379220903,-0.13352356510059593,-0.21785793734002173,-0.13186655936500855
24.758285472,0.006642203296256867,-0.21034779533011502,-0.1351066430630265,-0.217048102652017,-0.133186799218352
24.854006532,0.006891239331058404,-0.2093282814507741,-0.13668090790181894,-0.21579907520009592,-0.13518167713821277
24.854454459,0.006570749820859147,-0.20829834328646488,-0.13824543458687538,-0.21496395322396103,-0.13649648527969727
24.954598355,0.0068239458198516775,-0.20725571641817966,-0.13980367667549767,-0.21368922037572194,-0.1384677200756755
24.954963899,0.006511260241247082,-0.20620156909089654,-0.1413538570554487,-0.21283812818628445,-0.13976567572899531
25.054994602,0.006768066904698967,-0.20513543350698998,-0.14289665468407328,-0.21153817488514928,-0.14171284187215927
25.055375903,0.00646067641356872,-0.20405731105903632,-0.14443203870109877,-0.21067090470128821,-0.14299429436998604
25.16121069,0.006718493690599639,-0.20296893257489354,-0.14595757057928965,-0.2093453998148469,-0.144917856551951
25.161490498,0.0064165257207400754,-0.20186881699995618,-0.14747535632449985,-0.20846184636321333,-0.14618302460011318
25.255372797,0.00667797181503145,-0.20075785793822373,-0.1489841685416809,-0.20711079476427563,-0.1480830603300256
25.25575311,0.006381177601445638,-0.1996337011525116,-0.15048716013052305,-0.20621100269459897,-0.14933199261591326
25.356716146,0.006643704429205382,-0.19849984182962244,-0.15197964598463462,-0.2048342793220809,-0.1512087184683738
25.356995879,0.006349298583351045,-0.1973541415032098,-0.15346446765141125,-0.20391856967447675,-0.1524411928462294
25.455610798,0.00661450079894662,-0.1961991293271649,-0.15493838017503092,-0.20251575847879288,-0.1542951161069009
25.455950798,0.006324745760479504,-0.19503027895162703,-0.1564071299271569,-0.20158386275559068,-0.15551149599318007
25.556742977,0.0065917639675740995,-0.19385274049417012,-0.15786422964972127,-0.20015586752363332,-0.15734173698455375
25.557021772,0.006854550404257157,-0.19266153634723507,-0.1593158259945415,-0.19920773988384077,-0.1585421519924326
25.656123157,0.006535738143828561,-0.19146179091323362,-0.1607556612387172,-0.19824173709682427,-0.1597471023697777
25.656386878,0.006791284804640026,-0.19025112286812634,-0.16218665249463993,-0.1967571934560845,-0.1615646246904371
25.756727201,0.006480667356708209,-0.18902894717098906,-0.16360946528678416,-0.19576702524276546,-0.16276102365863254
25.75710105,0.006740572479324534,-0.18779677239199274,-0.16502233872767066,-0.19426032962599593,-0.16455172501020332
25.856135547,0.006434704733977755,-0.18655201683605913,-0.16642819777429158,-0.19325629774853229,-0.1657296744778473
25.856403985,0.006695030818150198,-0.18530055282174226,-0.16782045502249332,-0.19172697830110236,-0.16749414141305122
25.958591317,0.0063984722521267245,-0.18403667153334458,-0.16920550679847224,-0.19070893685338308,-0.16865386093834786
25.958929383,0.0066609329293950996,-0.18276179906402334,-0.17058172470367847,-0.189157450088725,-0.17039173751603612
26.058416993,0.0063690688158601644,-0.18147725551000576,-0.1719476831264559,-0.18812529298584302,-0.17153340639555803
26.058712527,0.006633154287017125,-0.18018246894545614,-0.17330400423740858,-0.18655126528928234,-0.17324509148812267
26.159364909,0.006344358321996771,-0.1788777581127032,-0.17465035829500392,-0.18550493590793657,-0.17436884405781594
26.159789716,0.006611629513401555,-0.17756439440359562,-0.17598547053687227,-0.1839083783011475,-0.1760543967691209
26.255309619,0.006327587149261892,-0.1762386123187936,-0.17731314538957899,-0.18284846422926848,-0.17715983999478177
26.255683579,0.006598103921262979,-0.17490470077658948,-0.17862907279122203,-0.18122942833867717,-0.17881928424427523
26.356006402,0.006315129733650938,-0.17355733479443228,-0.17993846597949353,-0.18015536351492273,-0.17990696424352473
26.356270332,0.006585418038576506,-0.17220606461015042,-0.1812320923884197,-0.1785136588482845,-0.18154050522845733
26.455892889,0.006853117911051948,-0.17084075251280165,-0.18251969011824357,-0.17742554555336632,-0.18261041693754163
26.456255721,0.006544100272941624,-0.16946701308905907,-0.18379589624002132,-0.17631919429551665,-0.1836825921507285
26.557481704,0.006804372302918582,-0.16808340220058546,-0.18506207041064957,-0.17462330096314294,-0.18529653268440338
26.557779181,0.006501291469748791,-0.1666898180579534,-0.18631828830205152,-0.17349407798712554,-0.18635739396644857
26.659703672,0.006763328767114043,-0.16528887533507375,-0.1875622235165345,-0.1717790311671677,-0.18794257605006798
26.660066166,0.006468278769221093,-0.16387766548083577,-0.18879647972499722,-0.1706384074459125,-0.18898352007819094
26.758868802,0.006733729553288624,-0.16245756818665966,-0.1900198372246351,-0.1689049339103746,-0.19053955393691419
26.759219737,0.006446289555247554,-0.1610269964945338,-0.19123364348343466,-0.1677527761530928,-0.19156075459811375
26.860058158,0.006711697640849333,-0.15958717054370244,-0.19243683378671358,-0.1660004900356254,-0.19308797288446067
26.860454682,0.00642883444148726,-0.1581407611190013,-0.1936272183157703,-0.1648365052249463,-0.19408970733173198
26.956229591,0.006697338645222595,-0.15668439805435538,-0.1948075958640841,-0.16306568887613257,-0.19558800583580094
26.95658266,0.006418412009004587,-0.15521896254722312,-0.19597722741625812,-0.16188999233207804,-0.19657027592891999
27.057608225,0.006692657007415897,-0.15374539344828367,-0.1971353697169345,-0.16009968891835344,-0.19804032374691893
27.057885076,0.006414649272363517,-0.15225859503162373,-0.1982859557280747,-0.15891273852689808,-0.19900291609184048
27.158000671,0.006687016047745923,-0.15077091835273293,-0.19941948294756343,-0.15710311585129352,-0.20044466591984533
27.158405972,0.006414524846796933,-0.14927070576627025,-0.2005448987135788,-0.1559043572770561,-0.2013880186672391
27.254760724,0.0066900713105102205,-0.14776423869929958,-0.20165745649892644,-0.1540759739102307,-0.2028011905752167
27.255084476,0.0069628393799108885,-0.14624529237327105,-0.2027617184249938,-0.15286561450088143,-0.20372524790891441
27.356353122,0.006661789055580941,-0.144719656474694,-0.20385343026264374,-0.1516368566591405,-0.20464934096035498
27.35665526,0.006925370127064907,-0.14318739427480257,-0.20493259897047184,-0.14975704775403198,-0.20603672151073033
27.458030802,0.00663258613198078,-0.14164672690443278,-0.2060004969830438,-0.14850712693854792,-0.20694689159881247
27.458330105,0.006900100233146542,-0.14009823713666758,-0.20705671674977863,-0.14661263780714104,-0.20830322495379444
27.557499102,0.006614691286339647,-0.13854054488572803,-0.20810218024510357,-0.14535398332186877,-0.20919233615339788
27.557789736,0.006884451740222713,-0.1369762127244063,-0.20913516478028796,-0.14344479639272417,-0.2105177587696966
27.660043349,0.006604549225394287,-0.1354032409355938,-0.21015699451633185,-0.14217709471447565,-0.21138605136846836
27.660355283,0.006876306100564452,-0.13382441643430182,-0.2111658721621905,-0.1402528736223088,-0.21268080075873153
27.758804082,0.006601892321969558,-0.1322364748793734,-0.21216388644507067,-0.13897603737440817,-0.2135283947683068
27.759119486,0.006876872094325443,-0.13064213533919816,-0.21314931966584982,-0.13703618868258416,-0.21479281109351683
27.858217941,0.006605732636228879,-0.12903786025645586,-0.21412433448918264,-0.13575015545384794,-0.21561981534321562
27.858574054,0.006881766412297381,-0.12743053179584007,-0.2150847729762137,-0.13379497561549597,-0.2168538288056841
27.957736911,0.006615517959202957,-0.1258131511175161,-0.216034837482016,-0.13250025292825215,-0.21766006925818665
27.958178608,0.006893500758231544,-0.12419075394263504,-0.2169715572031502,-0.1305299181157345,-0.2188636659354986
28.055941694,0.006632426831657952,-0.12255831445419836,-0.21789781907615743,-0.1292254870100597,-0.2196497217030486
28.056255411,0.006910089919773124,-0.12091998806893456,-0.21881123482446857,-0.12723995375674022,-0.22082298018167845
28.157174992,0.006649876147169919,-0.1192765137599869,-0.21971143180377223,-0.12592678850366545,-0.22158844766224045
28.157588113,0.006931312698086338,-0.11762756273855791,-0.22059863209953642,-0.12392615039274998,-0.22273138767276995
28.258588923,0.007211196024258054,-0.11596789015808363,-0.2214756159316024,-0.12260414763030028,-0.22347641139368782
28.258885828,0.00692400099647246,-0.11430130369471016,-0.22234030667805071,-0.12126341252439747,-0.22421923955174927
28.362325349,0.007192521881508109,-0.11263042275621453,-0.22319137050915833,-0.11921590740350212,-0.22532987039447305
28.362627125,0.006912796751866586,-0.11095518383130677,-0.22402889809343998,-0.11785604685359975,-0.22605632517314528
28.460970777,0.007186045123092267,-0.10927226158954587,-0.22485455932025453,-0.11579820954949586,-0.2271346387391875
28.46126736,0.006913283671432716,-0.10758252504928854,-0.225667898257637,-0.1144326563502918,-0.22783929082235982
28.564815396,0.007189238121435309,-0.10588712418571909,-0.22646835746231328,-0.11236406532776871,-0.22888553030762723
28.565165379,0.006922239290064608,-0.10418521923898386,-0.22725633124761313,-0.1109924693923357,-0.22956857909686934
28.600075993,0.0072066006563612905,-0.1024785332135439,-0.22803102909560483,-0.1089132859963778,-0.2305827644683905
28.649812766,0.006937946614209204,-0.10075783674221045,-0.22879654353820572,-0.10753607175868223,-0.23124411847714893
28.76196848,0.007220786919852053,-0.09904816759716845,-0.22954184911611047,-0.10544563571781186,-0.23222652877427608
28.762388625,0.006964033043616873,-0.09732128044060541,-0.23027932684763744,-0.10406274352894042,-0.2328663017548453
28.863038635,0.007245968051321702,-0.09559119335833799,-0.23100286524701125,-0.10196136289439506,-0.23381688307113357
28.863339367,0.006990120593492283,-0.09385699572145119,-0.23171289207582624,-0.10057204733617986,-0.2344354156867991
29.074724323,0.007277809118973793,-0.09211997901679943,-0.2324089272509652,-0.09845923277171005,-0.23535437250464358
29.075235912,0.007561006852532955,-0.09037082973360157,-0.2330946441539582,-0.0970645059455124,-0.23595142631966792
29.075565508,0.0072817228838397766,-0.08861941527684633,-0.23376612080451234,-0.0956515271719065,-0.23654429051124437
29.07589549,0.007556052226475616,-0.08686239185021588,-0.23442466781902357,-0.09349676336651623,-0.23742610126668462
29.099901514,0.007283377297041755,-0.08510288063199267,-0.2350691381447952,-0.09206706829603654,-0.2380006932660928
29.149902269,0.007562383516127922,-0.08333808191100034,-0.23570058146596795,-0.08990554930402768,-0.23884954270621622
34.840573716,0.6103277807866851,-0.08156800453927888,-0.2363189806923688,-0.0884735041915961,-0.23940179093577502
34.841078717,0.595170009859954,0.5,0.5,0.15,0.0
34.841511195,0.5800906607400701,0.5,0.5,0.1660623321479033,0.007340914397998091
34.848662752,0.5570214967460733,0.5,0.5,0.1815574575511087,0.015129376187279109
35.083433023,0.5413652157101873,0.5,0.5,0.2041231343492392,0.02805738885970747
35.083815513,0.5174741532858278,0.5,0.5,0.21867073823483907,0.03747417017467322
35.084132762,0.5012864425147863,0.5,0.5,0.23967780231267893,0.05277315296359079
35.084393323,0.4765834798277554,0.5,0.5,0.25309435106313327,0.06373666441907498
35.098809638,0.4598844286771859,0.5,0.5,0.2722398152292407,0.08136279253042723
35.148605743,0.4345336119684179,0.5,0.5,0.2843194917217161,0.09382810770738606
35.365928327,0.4174594462966852,0.5,0.5,0.3013481851089294,0.11353277451923122
35.366371937,0.3916413243103113,0.5,0.5,0.3119380186652035,0.1273002810857438
35.366693726,0.374326838027766,0.5,0.5,0.326622424816558,0.14882604975447805
35.367071401,0.3482719577133582,0.5,0.5,0.3355815181105396,0.16371567910318724
35.398742964,0.3308949643211902,0.5,0.5,0.3477271555537341,0.18678068805749143
35.448816104,0.31363048808433747,0.5,0.5,0.3549375098279475,0.20259732456111812
35.563945426,0.28821469058452526,0.5,0.5,0.3615955698484993,0.21856031415157864
35.564275813,0.2716846220669609,0.5,0.5,0.3713379656646303,0.2420973269052494
35.77096521,0.24724760997908682,0.5,0.5,0.37833589237028087,0.2570794805243256
35.771360196,0.23217290424636294,0.5,0.5,0.38912139974723203,0.2790083335364034
35.771639356,0.21095215894391692,0.5,0.5,0.396006569231352,0.29241959672657625
35.771914512,0.19811317304077622,0.5,0.5,0.4057303214373127,0.31128317227447044
35.798669569,0.18002323054174893,0.5,0.5,0.41170507233351733,0.322650528389129
35.848796698,0.1690946535601499,0.5,0.5,0.4201271834530362,0.3386658848490415
36.07027298,0.15369110603863279,0.5,0.5,0.42526555040718245,0.34831689643640024
36.070659583,0.1444109460979445,0.5,0.5,0.43250598703049103,0.36192207168178536
36.070935695,0.13129133076802205,0.5,0.5,0.43689857750838307,0.37010491990672667
36.071190301,0.1233886967179805,0.5,0.5,0.44310211740119293,0.38167821633101306
36.098713233,0.11218812629451266,0.5,0.5,0.4468568812119639,0.38864211117643055
36.148734784,0.10545866885142946,0.5,0.5,0.452172623105608,0.398517401980067
36.37096061,0.09905897572882717,0.5,0.5,0.4553786497095852,0.40444652840333034
36.371352834,0.09001374845698515,0.5,0.5,0.45842661477619734,0.41008707371307684
36.371623672,0.08451666658204675,0.5,0.5,0.4627329128736557,0.41806320040180445
36.371896227,0.07681192222262809,0.5,0.5,0.4653553490368131,0.4229103438211078
36.398774586,0.07214274891980586,0.5,0.5,0.4690328836022927,0.42970697689282444
36.448734331,0.06558979221618176,0.5,0.5,0.47126590085496467,0.43382653274892247
36.669617063,0.061634311514182694,0.5,0.5,0.47440154990894295,0.4396117544889938
36.670192292,0.05606726729578046,0.5,0.5,0.4762980555430462,0.44310530618074484
36.670515462,0.05270805865155277,0.5,0.5,0.4789689150237327,0.44802662290424533
36.670795301,0.04797932274274903,0.5,0.5,0.4805837500547282,0.4509984828308525
36.698811629,0.045127379887935554,0.5,0.5,0.4828590628890937,0.45518701431713315
36.748854543,0.04110385407377309,0.5,0.5,0.48423429879203567,0.4577161605223551
36.974059477,0.03869038213093457,0.5,0.5,0.48617703346395075,0.4612901509191615
36.974455562,0.03527683694932977,0.5,0.5,0.487345419588134,0.4634376250219251
36.974742102,0.03323081059162735,0.5,0.5,0.4890010027942509,0.4664816873095091
36.975036604,0.031289187312610635,0.5,0.5,0.4899964640628949,0.4683106320458792
36.998762821,0.028550488321216518,0.5,0.5,0.4909431450821818,0.47005026508162007
37.048718642,0.028086856389070155,0.5,0.5,0.4922826709338879,0.4725123079276331
37.278643974,0.028086856389070155,0.5,0.5,0.4925097417795982,0.472930320770058
37.27903741,0.028086856389070155,0.5,0.5,0.4925097417795982,0.472930320770058
37.279308334,0.028086856389070155,0.5,0.5,0.4925097417795982,0.472930320770058
37.279571233,0.028086856389070155,0.5,0.5,0.4925097417795982,0.472930320770058
37.298646424,0.028086856389070155,0.5,0.5,0.4925097417795982,0.472930320770058
37.348748635,0.028086856389070155,0.5,0.5,0.4925097417795982,0.472930320770058
37.570519787,0.028086856389070155,0.5,0.5,0.4925097417795982,0.472930320770058
37.570921173,0.028086856389070155,0.5,0.5,0.4925097417795982,0.472930320770058
37.571194131,0.028086856389070155,0.5,0.5,0.4925097417795982,0.472930320770058
37.571454218,0.028086856389070155,0.5,0.5,0.4925097417795982,0.472930320770058
37.598649724,0.028086856389070155,0.5,0.5,0.4925097417795982,0.472930320770058
37.648686462,0.028086856389070155,0.5,0.5,0.4925097417795982,0.472930320770058
37.87137166,0.028086856389070155,0.5,0.5,0.4925097417795982,0.472930320770058
37.871762378,0.028086856389070155,0.5,0.5,0.4925097417795982,0.472930320770058
37.872044758,0.028086856389070155,0.5,0.5,0.4925097417795982,0.472930320770058
37.872371568,0.028086856389070155,0.5,0.5,0.4925097417795982,0.472930320770058
37.898691654,0.028086856389070155,0.5,0.5,0.4925097417795982,0.472930320770058
37.948729003,0.028086856389070155,0.5,0.5,0.4925097417795982,0.472930320770058
38.064399976,0.028086856389070155,0.5,0.5,0.4925097417795982,0.472930320770058
38.06471679,0.028086856389070155,0.5,0.5,0.4925097417795982,0.472930320770058
38.268374634,0.028086856389070155,0.5,0.5,0.4925097417795982,0.472930320770058
38.268840799,0.028086856389070155,0.5,0.5,0.4925097417795982,0.472930320770058
38.269192925,0.028086856389070155,0.5,0.5,0.4925097417795982,0.472930320770058
38.269542515,0.028086856389070155,0.5,0.5,0.4925097417795982,0.472930320770058
38.298693878,0.028086856389070155,0.5,0.5,0.4925097417795982,0.472930320770058
38.34860553,0.028086856389070155,0.5,0.5,0.4925097417795982,0.472930320770058
38.569785752,0.028086856389070155,0.5,0.5,0.4925097417795982,0.472930320770058
38.570197069,0.028086856389070155,0.5,0.5,0.4925097417795982,0.472930320770058
38.570470627,0.028086856389070155,0.5,0.5,0.4925097417795982,0.472930320770058
38.570727341,0.028086856389070155,0.5,0.5,0.4925097417795982,0.472930320770058
38.598721853,0.028086856389070155,0.5,0.5,0.4925097417795982,0.472930320770058
38.648707089,0.028086856389070155,0.5,0.5,0.4925097417795982,0.472930320770058
38.873182256,0.028086856389070155,0.5,0.5,0.4925097417795982,0.472930320770058
38.873628178,0.028086856389070155,0.5,0.5,0.4925097417795982,0.472930320770058
38.873993177,0.028086856389070155,0.5,0.5,0.4925097417795982,0.472930320770058
38.874291932,0.028086856389070155,0.5,0.5,0.4925097417795982,0.472930320770058
38.89870145,0.028086856389070155,0.5,0.5,0.4925097417795982,0.472930320770058
38.948791211,0.028086856389070155,0.5,0.5,0.4925097417795982,0.472930320770058
39.172421535,0.028086856389070155,0.5,0.5,0.4925097417795982,0.472930320770058
39.172837181,0.028086856389070155,0.5,0.5,0.4925097417795982,0.472930320770058
39.173117907,0.028086856389070155,0.5,0.5,0.4925097417795982,0.472930320770058
39.173387511,0.028086856389070155,0.5,0.5,0.4925097417795982,0.472930320770058
39.198762833,0.028086856389070155,0.5,0.5,0.4925097417795982,0.472930320770058
39.248814399,0.028086856389070155,0.5,0.5,0.4925097417795982,0.472930320770058
39.364425553,0.028086856389070155,0.5,0.5,0.4925097417795982,0.472930320770058
39.364720924,0.028086856389070155,0.5,0.5,0.4925097417795982,0.472930320770058
39.573519258,0.028086856389070155,0.5,0.5,0.4925097417795982,0.472930320770058
39.574083673,0.028086856389070155,0.5,0.5,0.4925097417795982,0.472930320770058
39.574426318,0.028086856389070155,0.5,0.5,0.4925097417795982,0.472930320770058
39.574809842,0.028086856389070155,0.5,0.5,0.4925097417795982,0.472930320770058
39.598824187,0.028086856389070155,0.5,0.5,0.4925097417795982,0.472930320770058
39.648881622,0.028086856389070155,0.5,0.5,0.4925097417795982,0.472930320770058
39.870967897,0.028086856389070155,0.5,0.5,0.4925097417795982,0.472930320770058
39.871346765,0.028086856389070155,0.5,0.5,0.4925097417795982,0.472930320770058
39.871613836,0.028086856389070155,0.5,0.5,0.4925097417795982,0.472930320770058
39.871882184,0.028086856389070155,0.5,0.5,0.4925097417795982,0.472930320770058
39.898670094,0.028086856389070155,0.5,0.5,0.4925097417795982,0.472930320770058
39.948755482,0.028086856389070155,0.5,0.5,0.4925097417795982,0.472930320770058
40.064638829,0.028086856389070155,0.5,0.5,0.4925097417795982,0.472930320770058
40.06497852,0.028086856389070155,0.5,0.5,0.4925097417795982,0.472930320770058
40.098640813,0.028086856389070155,0.5,0.5,0.4925097417795982,0.472930320770058
40.148735425,0.028086856389070155,0.5,0.5,0.4925097417795982,0.472930320770058
40.369124362,0.028086856389070155,0.5,0.5,0.4925097417795982,0.472930320770058
40.369497226,0.028086856389070155,0.5,0.5,0.4925097417795982,0.472930320770058
40.369771371,0.028086856389070155,0.5,0.5,0.4925097417795982,0.472930320770058
40.370038643,0.028086856389070155,0.5,0.5,0.4925097417795982,0.472930320770058
40.39861325,0.028086856389070155,0.5,0.5,0.4925097417795982,0.472930320770058
40.448747626,0.028086856389070155,0.5,0.5,0.4925097417795982,0.472930320770058
40.66977864,0.028086856389070155,0.5,0.5,0.4925097417795982,0.472930320770058
40.670160402,0.028086856389070155,0.5,0.5,0.4925097417795982,0.472930320770058
40.670465367,0.028086856389070155,0.5,0.5,0.4925097417795982,0.472930320770058
40.670779274,0.028086856389070155,0.5,0.5,0.4925097417795982,0.472930320770058
40.698813041,0.028086856389070155,0.5,0.5,0.4925097417795982,0.472930320770058
40.748896962,0.028086856389070155,0.5,0.5,0.4925097417795982,0.472930320770058
40.975475963,0.028086856389070155,0.5,0.5,0.4925097417795982,0.472930320770058
40.975881639,0.028086856389070155,0.5,0.5,0.4925097417795982,0.472930320770058
40.976157448,0.028086856389070155,0.5,0.5,0.4925097417795982,0.472930320770058
40.976509041,0.028086856389070155,0.5,0.5,0.4925097417795982,0.472930320770058
40.998766706,0.028086856389070155,0.5,0.5,0.4925097417795982,0.472930320770058
41.04858255,0.028086856389070155,0.5,0.5,0.4925097417795982,0.472930320770058
41.273891271,0.028086856389070155,0.5,0.5,0.4925097417795982,0.472930320770058
41.274261873,0.028086856389070155,0.5,0.5,0.4925097417795982,0.472930320770058
41.274550363,0.028086856389070155,0.5,0.5,0.4925097417795982,0.472930320770058
41.274867726,0.028086856389070155,0.5,0.5,0.4925097417795982,0.472930320770058
41.298672705,0.028086856389070155,0.5,0.5,0.4925097417795982,0.472930320770058
41.348750131,0.028086856389070155,0.5,0.5,0.4925097417795982,0.472930320770058
41.570747614,0.028086856389070155,0.5,0.5,0.4925097417795982,0.472930320770058
41.571144538,0.028086856389070155,0.5,0.5,0.4925097417795982,0.472930320770058
41.571409584,0.028086856389070155,0.5,0.5,0.4925097417795982,0.472930320770058
41.571666327,0.028086856389070155,0.5,0.5,0.4925097417795982,0.472930320770058
41.598642054,0.028086856389070155,0.5,0.5,0.4925097417795982,0.472930320770058
41.648677352,0.028086856389070155,0.5,0.5,0.4925097417795982,0.472930320770058
41.869474783,0.028086856389070155,0.5,0.5,0.4925097417795982,0.472930320770058
41.869858577,0.028086856389070155,0.5,0.5,0.4925097417795982,0.472930320770058
41.870147807,0.028086856389070155,0.5,0.5,0.4925097417795982,0.472930320770058
41.870406657,0.028086856389070155,0.5,0.5,0.4925097417795982,0.472930320770058
41.898750005,0.028086856389070155,0.5,0.5,0.4925097417795982,0.472930320770058
41.948830724,0.028086856389070155,0.5,0.5,0.4925097417795982,0.472930320770058
42.064075375,0.028086856389070155,0.5,0.5,0.4925097417795982,0.472930320770058
42.064364436,0.028086856389070155,0.5,0.5,0.4925097417795982,0.472930320770058
42.270898645,0.028086856389070155,0.5,0.5,0.4925097417795982,0.472930320770058
42.271283773,0.028086856389070155,0.5,0.5,0.4925097417795982,0.472930320770058
42.271551844,0.028086856389070155,0.5,0.5,0.4925097417795982,0.472930320770058
42.271833795,0.028086856389070155,0.5,0.5,0.4925097417795982,0.472930320770058
42.298676076,0.028086856389070155,0.5,0.5,0.4925097417795982,0.472930320770058
42.348683813,0.028086856389070155,0.5,0.5,0.4925097417795982,0.472930320770058
42.464450853,0.028086856389070155,0.5,0.5,0.4925097417795982,0.472930320770058
42.464748729,0.028086856389070155,0.5,0.5,0.4925097417795982,0.472930320770058
42.674173946,0.028086856389070155,0.5,0.5,0.4925097417795982,0.472930320770058
42.674590704,0.028086856389070155,0.5,0.5,0.4925097417795982,0.472930320770058
42.674920549,0.028086856389070155,0.5,0.5,0.4925097417795982,0.472930320770058
42.675194919,0.028086856389070155,0.5,0.5,0.4925097417795982,0.472930320770058
42.698792223,0.028086856389070155,0.5,0.5,0.4925097417795982,0.472930320770058
42.748687093,0.028086856389070155,0.5,0.5,0.4925097417795982,0.472930320770058
42.974373052,0.028086856389070155,0.5,0.5,0.4925097417795982,0.472930320770058
42.974746517,0.028086856389070155,0.5,0.5,0.4925097417795982,0.472930320770058
42.975025189,0.028086856389070155,0.5,0.5,0.4925097417795982,0.472930320770058
42.975283448,0.028086856389070155,0.5,0.5,0.4925097417795982,0.472930320770058
42.998881225,0.028086856389070155,0.5,0.5,0.4925097417795982,0.472930320770058
43.048751177,0.028086856389070155,0.5,0.5,0.4925097417795982,0.472930320770058
43.164665928,0.028086856389070155,0.5,0.5,0.4925097417795982,0.472930320770058
43.165089863,0.028086856389070155,0.5,0.5,0.4925097417795982,0.472930320770058
43.198704391,0.028086856389070155,0.5,0.5,0.4925097417795982,0.472930320770058
43.24887947,0.028086856389070155,0.5,0.5,0.4925097417795982,0.472930320770058
43.363775197,0.028086856389070155,0.5,0.5,0.4925097417795982,0.472930320770058
43.364106439,0.028086856389070155,0.5,0.5,0.4925097417795982,0.472930320770058
43.572980194,0.028086856389070155,0.5,0.5,0.4925097417795982,0.472930320770058
43.573410769,0.028086856389070155,0.5,0.5,0.4925097417795982,0.472930320770058
43.573825112,0.028086856389070155,0.5,0.5,0.4925097417795982,0.472930320770058
43.574141231,0.028086856389070155,0.5,0.5,0.4925097417795982,0.472930320770058
43.598719672,0.028086856389070155,0.5,0.5,0.4925097417795982,0.472930320770058
43.648642165,0.028086856389070155,0.5,0.5,0.4925097417795982,0.472930320770058
43.872464996,0.028086856389070155,0.5,0.5,0.4925097417795982,0.472930320770058
43.873016765,0.028086856389070155,0.5,0.5,0.4925097417795982,0.472930320770058
43.873370254,0.028086856389070155,0.5,0.5,0.4925097417795982,0.472930320770058
43.873750845,0.028086856389070155,0.5,0.5,0.4925097417795982,0.472930320770058
43.898700849,0.028086856389070155,0.5,0.5,0.4925097417795982,0.472930320770058
43.94881457,0.028086856389070155,0.5,0.5,0.4925097417795982,0.472930320770058
44.06489376,0.028086856389070155,0.5,0.5,0.4925097417795982,0.472930320770058
44.065231147,0.028086856389070155,0.5,0.5,0.4925097417795982,0.472930320770058
44.098695935,0.028086856389070155,0.5,0.5,0.4925097417795982,0.472930320770058
44.148673072,0.028086856389070155,0.5,0.5,0.4925097417795982,0.472930320770058
44.365619428,0.028086856389070155,0.5,0.5,0.4925097417795982,0.472930320770058
44.366141859,0.028086856389070155,0.5,0.5,0.4925097417795982,0.472930320770058
44.366501191,0.028086856389070155,0.5,0.5,0.4925097417795982,0.472930320770058
44.366806398,0.028086856389070155,0.5,0.5,0.4925097417795982,0.472930320770058
44.398615792,0.028086856389070155,0.5,0.5,0.4925097417795982,0.472930320770058
44.44878029,0.028086856389070155,0.5,0.5,0.4925097417795982,0.472930320770058
44.67004195,0.028086856389070155,0.5,0.5,0.4925097417795982,0.472930320770058
44.670468127,0.028086856389070155,0.5,0.5,0.4925097417795982,0.472930320770058
44.670809419,0.028086856389070155,0.5,0.5,0.4925097417795982,0.472930320770058
44.671117533,0.028086856389070155,0.5,0.5,0.4925097417795982,0.472930320770058
44.699160611,0.028086856389070155,0.5,0.5,0.4925097417795982,0.472930320770058
44.748846709,0.028086856389070155,0.5,0.5,0.4925097417795982,0.472930320770058
44.975260111,0.028086856389070155,0.5,0.5,0.4925097417795982,0.472930320770058
44.975639649,0.028086856389070155,0.5,0.5,0.4925097417795982,0.472930320770058
44.975935165,0.028086856389070155,0.5,0.5,0.4925097417795982,0.472930320770058
44.976226697,0.028086856389070155,0.5,0.5,0.4925097417795982,0.472930320770058
44.99898495,0.028086856389070155,0.5,0.5,0.4925097417795982,0.472930320770058
45.048651276,0.028086856389070155,0.5,0.5,0.4925097417795982,0.472930320770058
45.161051791,0.028086856389070155,0.5,0.5,0.4925097417795982,0.472930320770058
45.161349543,0.028086856389070155,0.5,0.5,0.4925097417795982,0.472930320770058
45.264573185,0.028086856389070155,0.5,0.5,0.4925097417795982,0.472930320770058
45.26490082,0.028086856389070155,0.5,0.5,0.4925097417795982,0.472930320770058
45.362301303,0.028086856389070155,0.5,0.5,0.4925097417795982,0.472930320770058
45.362589685,0.028086856389070155,0.5,0.5,0.4925097417795982,0.472930320770058
45.569799145,0.028086856389070155,0.5,0.5,0.4925097417795982,0.472930320770058
45.570216888,0.028086856389070155,0.5,0.5,0.4925097417795982,0.472930320770058
45.570482304,0.028086856389070155,0.5,0.5,0.4925097417795982,0.472930320770058
45.570736747,0.028086856389070155,0.5,0.5,0.4925097417795982,0.472930320770058
45.598720098,0.028086856389070155,0.5,0.5,0.4925097417795982,0.472930320770058
45.648682941,0.028086856389070155,0.5,0.5,0.4925097417795982,0.472930320770058
45.862426844,0.028086856389070155,0.5,0.5,0.4925097417795982,0.472930320770058
45.862783049,0.028086856389070155,0.5,0.5,0.4925097417795982,0.472930320770058
45.863070701,0.028086856389070155,0.5,0.5,0.4925097417795982,0.472930320770058
45.863325315,0.028086856389070155,0.5,0.5,0.4925097417795982,0.472930320770058
46.069204922,0.028086856389070155,0.5,0.5,0.4925097417795982,0.472930320770058
46.069595655,0.028086856389070155,0.5,0.5,0.4925097417795982,0.472930320770058
46.069868007,0.028086856389070155,0.5,0.5,0.4925097417795982,0.472930320770058
46.07015323,0.028086856389070155,0.5,0.5,0.4925097417795982,0.472930320770058
46.098646055,0.028086856389070155,0.5,0.5,0.4925097417795982,0.472930320770058
46.148702049,0.028086856389070155,0.5,0.5,0.4925097417795982,0.472930320770058
46.263247861,0.028086856389070155,0.5,0.5,0.4925097417795982,0.472930320770058
46.263653231,0.028086856389070155,0.5,0.5,0.4925097417795982,0.472930320770058
46.363000742,0.028086856389070155,0.5,0.5,0.4925097417795982,0.472930320770058
46.363304097,0.028086856389070155,0.5,0.5,0.4925097417795982,0.472930320770058
46.568503364,0.028086856389070155,0.5,0.5,0.4925097417795982,0.472930320770058
46.568995783,0.028086856389070155,0.5,0.5,0.4925097417795982,0.472930320770058
46.569279319,0.028086856389070155,0.5,0.5,0.4925097417795982,0.472930320770058
46.569555876,0.028086856389070155,0.5,0.5,0.4925097417795982,0.472930320770058
46.598743206,0.028086856389070155,0.5,0.5,0.4925097417795982,0.472930320770058
46.648760469,0.028086856389070155,0.5,0.5,0.4925097417795982,0.472930320770058
46.863927837,0.028086856389070155,0.5,0.5,0.4925097417795982,0.472930320770058
46.864330406,0.028086856389070155,0.5,0.5,0.4925097417795982,0.472930320770058
46.864763284,0.028086856389070155,0.5,0.5,0.4925097417795982,0.472930320770058
46.865231042,0.028086856389070155,0.5,0.5,0.4925097417795982,0.472930320770058
46.898664353,0.028086856389070155,0.5,0.5,0.4925097417795982,0.472930320770058
46.948840198,0.028086856389070155,0.5,0.5,0.4925097417795982,0.472930320770058
47.061347638,0.028086856389070155,0.5,0.5,0.4925097417795982,0.472930320770058
47.061651452,0.028086856389070155,0.5,0.5,0.4925097417795982,0.472930320770058
47.161343011,0.028086856389070155,0.5,0.5,0.4925097417795982,0.472930320770058
47.161638804,0.028086856389070155,0.5,0.5,0.4925097417795982,0.472930320770058
47.264319581,0.028086856389070155,0.5,0.5,0.4925097417795982,0.472930320770058
47.264622279,0.028086856389070155,0.5,0.5,0.4925097417795982,0.472930320770058
47.364794716,0.028086856389070155,0.5,0.5,0.4925097417795982,0.472930320770058
47.365227151,0.028086856389070155,0.5,0.5,0.4925097417795982,0.472930320770058
47.398688294,0.028086856389070155,0.5,0.5,0.4925097417795982,0.472930320770058
47.448833018,0.028086856389070155,0.5,0.5,0.4925097417795982,0.472930320770058
47.669225751,0.028086856389070155,0.5,0.5,0.4925097417795982,0.472930320770058
47.669611974,0.028086856389070155,0.5,0.5,0.4925097417795982,0.472930320770058
47.669891793,0.028086856389070155,0.5,0.5,0.4925097417795982,0.472930320770058
47.670156632,0.028086856389070155,0.5,0.5,0.4925097417795982,0.472930320770058
47.699132321,0.028086856389070155,0.5,0.5,0.4925097417795982,0.472930320770058
47.748756815,0.028086856389070155,0.5,0.5,0.4925097417795982,0.472930320770058
47.864969128,0.028086856389070155,0.5,0.5,0.4925097417795982,0.472930320770058
47.865377921,0.028086856389070155,0.5,0.5,0.4925097417795982,0.472930320770058
47.898925941,0.028086856389070155,0.5,0.5,0.4925097417795982,0.472930320770058
47.948800316,0.028086856389070155,0.5,0.5,0.4925097417795982,0.472930320770058
48.162543887,0.028086856389070155,0.5,0.5,0.4925097417795982,0.472930320770058
48.162896827,0.028086856389070155,0.5,0.5,0.4925097417795982,0.472930320770058
48.16321034,0.028086856389070155,0.5,0.5,0.4925097417795982,0.472930320770058
48.163474147,0.028086856389070155,0.5,0.5,0.4925097417795982,0.472930320770058
48.362516019,0.028086856389070155,0.5,0.5,0.4925097417795982,0.472930320770058
48.362878271,0.028086856389070155,0.5,0.5,0.4925097417795982,0.472930320770058
48.3631451,0.028086856389070155,0.5,0.5,0.4925097417795982,0.472930320770058
48.363402954,0.028086856389070155,0.5,0.5,0.4925097417795982,0.472930320770058
48.564020976,0.028086856389070155,0.5,0.5,0.4925097417795982,0.472930320770058
48.564375699,0.028086856389070155,0.5,0.5,0.4925097417795982,0.472930320770058
48.564659119,0.028086856389070155,0.5,0.5,0.4925097417795982,0.472930320770058
48.564976145,0.028086856389070155,0.5,0.5,0.4925097417795982,0.472930320770058
48.598725941,0.028086856389070155,0.5,0.5,0.4925097417795982,0.472930320770058
48.648679637,0.028086856389070155,0.5,0.5,0.4925097417795982,0.472930320770058
48.762385294,0.028086856389070155,0.5,0.5,0.4925097417795982,0.472930320770058
48.762728228,0.028086856389070155,0.5,0.5,0.4925097417795982,0.472930320770058
48.970522668,0.028086856389070155,0.5,0.5,0.4925097417795982,0.472930320770058
48.97100554,0.028086856389070155,0.5,0.5,0.4925097417795982,0.472930320770058
48.971357253,0.028086856389070155,0.5,0.5,0.4925097417795982,0.472930320770058
48.971661339,0.028086856389070155,0.5,0.5,0.4925097417795982,0.472930320770058
48.999049229,0.028086856389070155,0.5,0.5,0.4925097417795982,0.472930320770058
49.048711814,0.028086856389070155,0.5,0.5,0.4925097417795982,0.472930320770058
49.164664398,0.028086856389070155,0.5,0.5,0.4925097417795982,0.472930320770058
49.165053708,0.028086856389070155,0.5,0.5,0.4925097417795982,0.472930320770058
49.199005199,0.028086856389070155,0.5,0.5,0.4925097417795982,0.472930320770058
49.248928563,0.028086856389070155,0.5,0.5,0.4925097417795982,0.472930320770058
49.361759713,0.028086856389070155,0.5,0.5,0.4925097417795982,0.472930320770058
49.362061582,0.028086856389070155,0.5,0.5,0.4925097417795982,0.472930320770058
49.563636728,0.028086856389070155,0.5,0.5,0.4925097417795982,0.472930320770058
49.563984547,0.028086856389070155,0.5,0.5,0.4925097417795982,0.472930320770058
49.564258131,0.028086856389070155,0.5,0.5,0.4925097417795982,0.472930320770058
49.564533904,0.028086856389070155,0.5,0.5,0.4925097417795982,0.472930320770058
49.664365241,0.028086856389070155,0.5,0.5,0.4925097417795982,0.472930320770058
49.664760412,0.028086856389070155,0.5,0.5,0.4925097417795982,0.472930320770058
49.868240066,0.028086856389070155,0.5,0.5,0.4925097417795982,0.472930320770058
49.868709915,0.028086856389070155,0.5,0.5,0.4925097417795982,0.472930320770058
49.869039346,0.028086856389070155,0.5,0.5,0.4925097417795982,0.472930320770058
49.869363185,0.028086856389070155,0.5,0.5,0.4925097417795982,0.472930320770058
49.898727324,0.028086856389070155,0.5,0.5,0.4925097417795982,0.472930320770058
49.948813678,0.028086856389070155,0.5,0.5,0.4925097417795982,0.472930320770058
50.161737205,0.028086856389070155,0.5,0.5,0.4925097417795982,0.472930320770058
50.16210759,0.028086856389070155,0.5,0.5,0.4925097417795982,0.472930320770058
50.162377334,0.028086856389070155,0.5,0.5,0.4925097417795982,0.472930320770058
50.16263594,0.028086856389070155,0.5,0.5,0.4925097417795982,0.472930320770058
50.366297309,0.028086856389070155,0.5,0.5,0.4925097417795982,0.472930320770058
50.366802413,0.028086856389070155,0.5,0.5,0.4925097417795982,0.472930320770058
50.367132471,0.028086856389070155,0.5,0.5,0.4925097417795982,0.472930320770058
50.367475821,0.028086856389070155,0.5,0.5,0.4925097417795982,0.472930320770058
50.398667914,0.028086856389070155,0.5,0.5,0.4925097417795982,0.472930320770058
50.448844083,0.028086856389070155,0.5,0.5,0.4925097417795982,0.472930320770058
50.562987865,0.028086856389070155,0.5,0.5,0.4925097417795982,0.472930320770058
50.563291548,0.028086856389070155,0.5,0.5,0.4925097417795982,0.472930320770058
50.777717597,0.028086856389070155,0.5,0.5,0.4925097417795982,0.472930320770058
50.778162705,0.028086856389070155,0.5,0.5,0.4925097417795982,0.472930320770058
50.778439999,0.028086856389070155,0.5,0.5,0.4925097417795982,0.472930320770058
50.77870665,0.028086856389070155,0.5,0.5,0.4925097417795982,0.472930320770058
50.798791502,0.028086856389070155,0.5,0.5,0.4925097417795982,0.472930320770058
50.848753966,0.028086856389070155,0.5,0.5,0.4925097417795982,0.472930320770058
51.073495925,0.028086856389070155,0.5,0.5,0.4925097417795982,0.472930320770058
51.073959709,0.028086856389070155,0.5,0.5,0.4925097417795982,0.472930320770058
51.074353463,0.028086856389070155,0.5,0.5,0.4925097417795982,0.472930320770058
51.074668612,0.028086856389070155,0.5,0.5,0.4925097417795982,0.472930320770058
51.09876085,0.028086856389070155,0.5,0.5,0.4925097417795982,0.472930320770058
51.148683754,0.028086856389070155,0.5,0.5,0.4925097417795982,0.472930320770058
